"File","StartTime","EndTime"
"10_0.xls",2022-04-01,2024-07-18 12:00:00
"11_0.xls",2023-08-21 19:00:00,2024-07-18 15:00:00
"12_0.xls",2023-08-24 11:34:12,2024-07-18 15:00:00
"13_0.xls",2023-08-21 12:00:00,2024-07-18 15:00:00
"14_0_1.xls",2023-08-22 12:00:00,2024-07-18 13:00:00
"14_0_2.xls",2023-08-22 14:00:00,2024-05-26 19:00:00
"14_0.xls",2022-06-09 09:37:25,2024-07-18 15:00:00
"15_0.xls",2022-06-09 09:37:25,2024-07-18 13:00:00
"16_0.xls",2022-06-09 09:37:25,2024-07-18 15:00:00
"17_0.xls",2022-06-09 09:37:25,2024-06-13
"18_0.xls",2022-06-09 09:37:25,2024-06-25 16:00:00
"19_0.xls",2022-06-09 09:37:25,2024-07-18 15:00:00
"20_0.xls",2022-06-09 09:37:25,2024-07-18 15:00:00
"21_0.xls",2022-06-09 09:37:25,2024-07-18 15:00:00
"22_0.xls",2022-06-09 09:37:25,2024-07-18 15:00:00
"3_0.xls",2022-04-01,2024-07-18 12:00:00
"4_0.xls",2022-04-01,2024-07-18 12:00:00
"5_0.xls",2023-10-19 15:00:00,2024-07-18 13:00:00
"6_0.xls",2023-10-11 11:00:00,2024-07-18 15:00:00
"7_0.xls",2023-08-21 14:00:00,2024-07-18 15:00:00
"8_0.xls",2022-12-20 13:12:51,2024-07-18 12:00:00
