站点,样品类型,样品ID,时间,水温(℃),pH 值(无量纲),溶解氧(mg/L),电导率(uS/cm),浊度(NTU),氨氮(mg/L),总磷(mg/L),总氮(mg/L),化学需氧量(mg/L),硝酸盐氮(mg/L),透明度(cm)
Name,Type,ID,Time,WaterTemp,pH,DO,C,Turb,AmmoniaN,TP,TN,COD,NitrateN,
5,水样,nymy24052028,2024/5/27 08:00,,,,,,1.476,0.268,9.54,120.1,5.3,
5,水样,nymy24052027,2024/5/26 08:00,,,,,,2.101,0.477,16.26,134.5,,
5,水样,nymy24052030,2024/5/25 08:00,,,,,,0.489,0.213,12.13,95.3,9.46,
5,水样,nymy24052026,2024/5/24 08:00,,,,,,0.072,0.168,6.8,103.5,5.96,
5,水样,nymy24052031,2024/5/23 08:00,,,,,,,0.157,15.02,66.1,,
5,水样,nymy24052029,2024/5/22 08:00,,,,,,,0.339,19.31,99.4,,
5,水样,nymy2402469,2024/5/10 10:31,,,,,,,0.298,,3.0 (L),1.25,
5,水样,NYMY2402485,2024/3/13 08:00,,,,,,0.266,0.347,,16.8,,
5,水样,NYMY2402486,2024/3/12 08:00,,,,,,0.010 (L),0.197,1.67,16,,
5,水样,NYMY2402487,2024/3/11 08:00,,,,,,0.185,0.216,3.12,13.5,,
5,水样,NYMY2402488,2024/3/10 08:00,,,,,,0.175,0.185,1.26,13.8,,
5,水样,NYMY23112829,2023/12/13 08:00,,,,,,0.010 (L),0.137,,,,
5,水样,NYMY23112824,2023/12/12 08:00,,,,,,0.073,0.236,,,,
5,水样,NYMY23112825,2023/12/11 08:00,,,,,,0.053,0.286,,,,
5,水样,NYMY23112826,2023/12/10 08:00,,,,,,0.010 (L),0.218,,,,
5,水样,NYMY23112827,2023/12/9 08:00,,,,,,0.010 (L),0.233,,,,
5,水样,NYMY23112828,2023/12/8 08:00,,,,,,0.014,0.119,,,,
5,水样,NYMY23111936,2023/12/6 08:00,,,,,,0.010 (L),0.123,0.88,7.1,1.05,
5,水样,NYMY23111937,2023/12/5 08:00,,,,,,0.010 (L),0.185,0.32,8.2,0.46,
5,水样,NYMY23111992,2023/12/4 08:00,,,,,,0.019,0.164,0.94,8.6,1.17,
5,水样,NYMY23111991,2023/12/3 08:00,,,,,,0.010 (L),0.112,0.31,6.9,0.63,
5,水样,NYMY23111934,2023/12/2 08:00,,,,,,0.010 (L),0.109,0.61,8.2,0.82,
5,水样,NYMY231013144,2023/11/21 08:00,,,,,,0.181,0.149,3.78,6.3,3.28,
5,水样,NYMY23111377,2023/11/20 08:00,,,,,,0.010 (L),0.154,4.28,7.5,3.84,
5,水样,NYMY23111378,2023/11/19 08:00,,,,,,0.021,0.232,5.34,10.7,4.75,
5,水样,NYMY23111379,2023/11/18 08:00,,,,,,0.01,0.5,1.92,17.4,1.56,
5,水样,NYMY23111380,2023/11/17 16:35,,,,,,0.058,0.262,1.07,10.5,0.83,
5,水样,NYMY231013143,2023/11/17 16:15,,,,,,0.042,0.267,1.34,10,1.14,
5,水样,NYMY231013145,2023/11/17 08:00,,,,,,0.049,0.227,1.35,4.1,1.26,
5,水样,NYMY231013146,2023/11/16 08:00,,,,,,0.058,0.223,1.09,4.8,0.96,
5,水样,NYMY23103110,2023/11/15 08:00,,,,,,0.029,0.164,1.13,3.2,1.14,
5,水样,NYMY231013147,2023/11/13 16:07,,,,,,0.059,0.203,0.62,3.0 (L),0.51,
5,水样,NYMY231013148,2023/11/13 08:00,,,,,,0.037,0.2,0.66,6.9,0.53,
5,水样,NYMY23103123,2023/11/6 08:00,,,,,,0.011,0.248,0.54,4.9,0.49,
5,水样,NYMY23103122,2023/11/5 08:00,,,,,,0.014,0.244,0.54,5.3,0.39,
5,水样,NYMY23103127,2023/11/4 08:00,,,,,,,0.238,0.6,,0.82,
5,水样,NYMY23103126,2023/11/3 08:00,,,,,,,0.397,0.32,,0.43,
5,水样,NYMY23103125,2023/11/2 08:00,,,,,,,0.233,0.27,,0.49,
5,水样,NYMY23103158,2023/10/29 08:00,,,,,,0.043,0.86,1.91,19.7,0.81,
5,水样,NYMY23103159,2023/10/28 08:00,,,,,,0.458,0.851,1.89,18.9,0.87,
5,水样,NYMY2310316,2023/10/27 08:00,,,,,,0.010 (L),0.928,1.6,20.2,1.34,
5,水样,NYMY23103160,2023/10/26 08:00,,,,,,0.017,0.776,0.9,16.9,0.99,
5,水样,NYMY23103161,2023/10/25 08:00,,,,,,0.012,0.606,0.97,16.4,1.04,
5,水样,NYMY23103162,2023/10/24 08:00,,,,,,0.010 (L),0.706,2.11,8.6,2.22,
5,水样,NYMY2310399,2023/10/23 08:00,,,,,,0.010 (L),0.557,3.1,23.8,2.79,
5,水样,NYMY2310395,2023/10/21 08:00,,,,,,0.153,0.586,3.62,25.1,2.22,
5,水样,"NYMY23091912,NYMY2310396",2023/10/20 08:00,,,,,,0.010 (L),0.579,4.14,22.4,3.1,
5,水样,NYMY2310397,2023/10/19 08:00,,,,,,0.010 (L),0.392,3.91,22.4,3.06,
5,水样,NYMY2310398,2023/10/18 08:00,,,,,,0.010 (L),0.401,3.56,22.8,3,
5,水样,nymy23091926,2023/10/11 08:00,,,,,,0.010 (L),0.62,6.77,30.5,6.60 (T),
5,水样,nymy23091927,2023/10/10 08:00,,,,,,,0.817,11.32,39.2,10.14 (T),
5,水样,nymy23091922,2023/10/9 08:00,,,,,,0.255,0.839,10.84,41.7,9.43 (T),
5,水样,nymy23091923,2023/10/8 08:00,,,,,,0.010 (L),0.624,6.99,36.8,6.67 (T),
5,水样,nymy23091924,2023/10/7 08:00,,,,,,0.010 (L),0.208,2.07,6.3,2.09,
5,水样,nymy23091925,2023/10/6 08:00,,,,,,0.010 (L),0.273,1.03,10.7,1.53,
5,水样,NYMY23092062,2023/10/3 08:00,,,,,,0.010 (L),0.229,0.67,10.1,1.42,
5,水样,NYMY23092063,2023/10/2 08:00,,,,,,0.010 (L),0.211,0.28,10.1,0.9,
5,水样,NYMY23092058,2023/10/1 08:00,,,,,,0.010 (L),0.267,0.85,10.2,1.45,
5,水样,NYMY23092059,2023/9/30 08:00,,,,,,0.010 (L),0.129,1.34,8.2,1.94,
5,水样,NYMY23092060,2023/9/29 08:00,,,,,,0.010 (L),0.186,1.34,8.9,2,
5,水样,NYMY23092061,2023/9/28 08:00,,,,,,0.010 (L),0.15,0.1,8.6,0.8,
5,水样,nymy23082373,2023/9/26 08:00,,,,,,0.010 (L),0.193,0.36,9.1,1.12,
5,水样,nymy23082372,2023/9/25 08:00,,,,,,0.039,0.44,,19.5,,
5,水样,nymy23082377,2023/9/23 08:00,,,,,,0.010 (L),0.134,0.58,10,1.38,
5,水样,nymy23082375,2023/9/21 08:00,,,,,,0.010 (L),0.354,4.83,16.4,5.41 (T),
5,水样,BYD23082238,2023/9/19 08:00,,,,,,0.010 (L),0.346,14.21,15.9,1.7,
5,水样,BYD23082239,2023/9/18 08:00,,,,,,0.010 (L),0.37,2.15,16.1,1.71,
5,水样,NYMY23033039,2023/9/17 08:00,,,,,,1.237,0.382,,11.3,1.71,
5,水样,NYMY23033038,2023/9/16 08:00,,,,,,0.502,0.376,8.38,17,1.73,
5,水样,BYD23082235,2023/9/15 08:00,,,,,,0.010 (L),0.384,8.83,14.8,1.72,
5,水样,BYD23082237,2023/9/14 08:00,,,,,,0.010 (L),0.381,12.35,15.5,1.69,
5,水样,NYMY23082863,2023/9/2 17:37,,,,,,0.010 (L),0.792,7.91,32.3,6.95 (T),
5,水样,NYMY23082864,2023/9/2 15:37,,,,,,0.010 (L),0.786,7.18,,6.51 (T),
5,水样,NYMY23082865,2023/9/2 13:37,,,,,,0.010 (L),0.799,6.58,28.1,6.03 (T),
5,水样,BYD23082272,2023/9/2 09:37,,,,,,,,5.48,24.8,5.28 (T),
5,水样,BYD23082271,2023/9/2 07:37,,,,,,0.010 (L),,5.13,25.4,4.95,
5,水样,NYMY23082866,2023/9/2 01:37,,,,,,0.010 (L),,4.61,,4.4,
5,水样,NYMY23082867,2023/9/1 23:37,,,,,,1.085,,4.43,25.2,3.01,
5,水样,NYMY23082862,2023/9/1 17:37,,,,,,0.025,0.447,5.29,23.3,4.79,
5,水样,BYD23082268,2023/8/29 08:00,,,,,,,0.396,7.26,16.9,6.40 (T),
5,水样,BYD23082267,2023/8/28 08:00,,,,,,,0.487,3.9,21.1,3.06,
5,水样,BYD23082266,2023/8/27 08:00,,,,,,0.010 (L),0.437,5.1,21.1,4.76,
5,水样,BYD23082265,2023/8/26 08:00,,,,,,,0.482,8.94,23.9,8.00 (T),
5,水样,BYD23082264,2023/8/25 12:00,,,,,,,0.67,12.20 (T),33.9,10.71 (T),
5,水样,BYD23082263,2023/8/24 12:00,,,,,,,0.577,11.25 (T),32.3,10.02 (T),
5,水样,BYD23082262,2023/8/24 10:40,,,,,,,0.631,10.54 (T),29.9,9.31 (T),
5,水样,BYD23082260,2023/8/23 12:00,,,,,,,0.494,11.47 (T),32.5,10.15 (T),
6,水样,nymy24052096,2024/5/29 04:47,,,,,,0.975,0.492,12.67,169.6,8.95,
6,水样,nymy24052097,2024/5/29 02:47,,,,,,1.642,0.309,18.08,199.4,,
6,水样,nymy24052095,2024/5/29 00:06,,,,,,,0.257,22.11,201.9,,
6,水样,nymy24052093,2024/5/28 23:26,,,,,,0.367,0.517,10.33,229.5,7.74,
6,水样,nymy24052092,2024/5/28 22:46,,,,,,1.952,0.387,21.42,235.9,,
6,水样,nymy24052094,2024/5/28 22:06,,,,,,0.649,0.559,15.42,248.5,12.26 (T),
6,水样,nymy2405709,2024/5/20 23:52,,,,,,0.07,0.422,,,7.35,
6,水样,NYMY23111931,2023/12/4 08:00,,,,,,0.010 (L),0.226,,,,
6,水样,NYMY23111932,2023/12/3 08:00,,,,,,0.010 (L),0.105,1.09,9.3,1.3,
6,水样,NYMY23111933,2023/12/2 08:00,,,,,,0.010 (L),0.1,0.84,4.6,1.26,
6,水样,NYMY23111930,2023/12/1 08:00,,,,,,0.010 (L),0.19,,13.4,0.34,
6,水样,NYMY23111989,2023/11/23 08:00,,,,,,,0.183,1.75,,1.71,
6,水样,NYMY23103118,2023/11/21 08:00,,,,,,0.055,0.152,4.79,8.5,4.19,
6,水样,NYMY23111373,2023/11/20 08:00,,,,,,0.023,0.216,4.32,12.9,3.74,
6,水样,NYMY23111374,2023/11/19 08:00,,,,,,0.061,0.404,0.86,32.7,0.62,
6,水样,NYMY23111375,2023/11/18 08:00,,,,,,0.052,0.283,5.82,9.2,5.01,
6,水样,NYMY23111376,2023/11/17 16:30,,,,,,0.014,0.106,2.33,3.0 (L),2.26,
6,水样,NYMY23103117,2023/11/17 16:10,,,,,,0.032,0.098,1.73,9.1,1.67,
6,水样,NYMY23103119,2023/11/17 08:00,,,,,,0.061,0.103,2.53,3.0 (L),2.59,
6,水样,NYMY2310312,2023/11/16 08:00,,,,,,0.084,0.172,0.48,12.4,0.23,
6,水样,NYMY23103121,2023/11/14 08:00,,,,,,0.017,0.063,1.3,3.0 (L),1.35,
6,水样,NYMY231013142,2023/11/13 08:00,,,,,,0.036,0.11,1.09,3.6,1.01,
6,水样,NYMY231013138,2023/11/12 08:00,,,,,,0.010 (L),0.116,1.11,3.0 (L),1.1,
6,水样,NYMY231013139,2023/11/11 08:00,,,,,,0.022,0.115,2.82,3.0 (L),3.05,
6,水样,NYMY23101314,2023/11/10 08:00,,,,,,0.025,0.097,2.79,3.0 (L),3.08,
6,水样,NYMY231013140,2023/11/9 08:00,,,,,,0.016,0.096,2.8,3.0 (L),3.02,
6,水样,NYMY231013141,2023/11/8 08:00,,,,,,0.010 (L),0.066,1.68,3.0 (L),1.77,
6,水样,NYMY23091907,2023/11/6 08:00,,,,,,0.010 (L),0.097,1.06,3.0 (L),1.1,
6,水样,NYMY23091908,2023/11/5 08:00,,,,,,0.019,0.075,0.94,3.0 (L),1.02,
6,水样,NYMY23103132,2023/11/4 08:00,,,,,,,0.117,1.43,,1.43,
6,水样,NYMY23103133,2023/11/3 08:00,,,,,,,0.623,0.46,,0.16,
6,水样,NYMY23103134,2023/11/2 08:00,,,,,,,0.072,0.59,,0.71,
6,水样,NYMY23103135,2023/11/1 08:00,,,,,,,0.196,1,,1.28,
6,水样,NYMY23090688,2023/10/29 08:00,,,,,,0.19,0.614,0.18,16.8,0.09,
6,水样,NYMY23090687,2023/10/28 08:00,,,,,,0.112,0.696,0.12,16.7,0.04,
6,水样,NYMY2310391,2023/10/27 08:00,,,,,,0.271,0.702,0.77,31,0.28,
6,水样,NYMY23103156,2023/10/26 08:00,,,,,,0.231,1.089,0.89,53.3,0.27,
6,水样,NYMY23103157,2023/10/25 08:00,,,,,,0.358,0.873,0.74,44.4,0.16,
6,水样,NYMY23103155,2023/10/24 08:00,,,,,,0.010 (L),0.106,1,3.0 (L),1.5,
6,水样,nymy2310392,2023/10/23 08:00,,,,,,0.113,,,,,
6,水样,NYMY2310393,2023/10/21 08:00,,,,,,,0.496,0.75,24.3,0.51,
6,水样,NYMY2310394,2023/10/17 08:00,,,,,,0.010 (L),0.394,1.18,25.9,0.8,
6,水样,nymy23090689,2023/9/13 19:15,,,,,,0.010 (L),0.806,5.02,24.8,5.61 (T),
6,水样,NYMY23082853,2023/9/1 23:35,,,,,,0.010 (L),,0.7,29.1,0.9,
6,水样,NYMY23082857,2023/9/1 17:35,,,,,,,,1.47,36.6,1.39,
6,水样,BYD23082253,2023/8/29 08:00,,,,,,,0.555,2,21.3,1.57,
6,水样,BYD23082252,2023/8/28 17:40,,,,,,,0.487,4.1,22,3.45,
6,水样,BYD23082251,2023/8/28 08:00,,,,,,,0.44,5.51,17.1,4.76,
6,水样,BYD23082250,2023/8/27 08:00,,,,,,,0.627,6.1,19.1,5.17 (T),
6,水样,BYD23082249,2023/8/26 08:00,,,,,,,1.018,2.82,25.1,1.87,
6,水样,BYD23082248,2023/8/25 10:20,,,,,,,0.923,5.08,23.5,2.76,
6,水样,BYD23082247,2023/8/24 19:46,,,,,,,0.785,8.48,25,5.43 (T),
6,水样,BYD23082246,2023/8/24 18:11,,,,,,,0.72,8.87,25.1,5.79 (T),
6,水样,BYD23082245,2023/8/23 16:49,,,,,,,0.625,9.95 (T),30.3,7.04 (T),
6,水样,BYD23082244,2023/8/22 16:49,,,,,,,0.625,7.5,24.8,6.59 (T),
7,水样,nymy240520103,2024/5/29 04:07,,,,,,1.341,0.27,11.09,135.2,7.66,
7,水样,nymy24052099,2024/5/29 03:27,,,,,,,0.475,7.18,144.1,5.73,
7,水样,nymy24052098,2024/5/29 02:07,,,,,,,0.38,6.89,146.5,5.33,
7,水样,nymy240520104,2024/5/29 01:26,,,,,,,0.235,8.67,155.9,7.37,
7,水样,nymy240520102,2024/5/29 00:46,,,,,,0.039,0.542,5.54,163,3.61,
7,水样,nymy231128164,2024/5/21 05:56,,,,,,,0.806,,23.5,24.87 (T),
7,水样,NYMY23112835,2023/12/13 08:00,,,,,,0.010 (L),0.122,,,,
7,水样,NYMY23112832,2023/12/12 08:00,,,,,,0.032,0.097,,,,
7,水样,NYMY23112833,2023/12/11 08:00,,,,,,0.055,0.201,,,,
7,水样,NYMY23112831,2023/12/10 08:00,,,,,,0.04,0.187,,,,
7,水样,NYMY23112830,2023/12/9 08:00,,,,,,0.010 (L),0.14,,,,
7,水样,NYMY23112834,2023/12/8 08:00,,,,,,0.010 (L),0.121,,,,
7,水样,NYMY23111923,2023/12/6 08:00,,,,,,0.010 (L),0.134,1.26,10,1.35,
7,水样,NYMY23111922,2023/12/5 08:00,,,,,,0.010 (L),0.084,1.2,4.3,1.53,
7,水样,NYMY23111925,2023/12/4 08:00,,,,,,0.010 (L),0.1,2.82,7.7,3.07,
7,水样,NYMY23111926,2023/12/3 08:00,,,,,,0.010 (L),0.074,0.74,6.8,0.99,
7,水样,NYMY23111924,2023/12/2 08:00,,,,,,0.010 (L),0.084,1.24,6.5,1.56,
7,水样,NYMY23111927,2023/12/1 08:00,,,,,,0.010 (L),0.145,1.16,8.5,1.38,
7,水样,NYMY23111395,2023/11/28 08:00,,,,,,,0.116,1.53,,1.61,
7,水样,3-23051209,2023/11/27 08:00,,,,,,,0.187,1.74,,1.68,
7,水样,NYMY23111399,2023/11/26 08:00,,,,,,,0.171,1.39,,1.82,
7,水样,NYMY23111398,2023/11/25 08:00,,,,,,,0.075,1.18,,1.36,
7,水样,NYMY23111397,2023/11/24 08:00,,,,,,,0.083,3.8,,3.87,
7,水样,NYMY23101398,2023/11/21 08:00,,,,,,0.03,0.138,4.85,3.6,4.35,
7,水样,NYMY23111369,2023/11/20 08:00,,,,,,0.024,0.161,5.46,3.0 (L),4.92,
7,水样,NYMY23111370,2023/11/19 08:00,,,,,,0.018,0.191,7.06,4.8,6.07,
7,水样,NYMY23111371,2023/11/18 08:00,,,,,,0.014,0.423,6.85,19.5,5.77,
7,水样,NYMY23111372,2023/11/17 16:32,,,,,,0.036,0.114,4.72,13.7,3.74,
7,水样,NYMY23101397,2023/11/17 16:12,,,,,,0.277,0.129,5.35,6.8,4.59,
7,水样,NYMY23101399,2023/11/17 08:00,,,,,,0.031,0.069,2.67,3.0 (L),2.89,
7,水样,NYMY23103111,2023/11/16 08:00,,,,,,0.012,0.174,0.75,3.1,0.62,
7,水样,NYMY23103113,2023/11/15 08:00,,,,,,0.028,0.124,2.49,3.0 (L),2.69,
7,水样,NYMY23103112,2023/11/14 08:00,,,,,,0.011,0.092,1.35,3.0 (L),1.35,
7,水样,NYMY231013137,2023/11/13 08:00,,,,,,0.011,0.104,2.25,3.1,2.44,
7,水样,NYMY231013132,2023/11/12 08:00,,,,,,0.029,0.076,1.24,3.0 (L),1.27,
7,水样,NYMY231013133,2023/11/11 08:00,,,,,,0.010 (L),0.08,2.81,3.0 (L),3.13,
7,水样,NYMY231013134,2023/11/10 08:00,,,,,,0.024,0.073,4.12,3.0 (L),3.73,
7,水样,NYMY231013135,2023/11/9 08:00,,,,,,0.015,0.086,5.68,3.0 (L),5.24,
7,水样,NYMY231013136,2023/11/8 08:00,,,,,,0.010 (L),0.063,1.74,3.0 (L),1.9,
7,水样,NYMY23103131,2023/11/6 08:00,,,,,,,0.074,1.31,,1.23,
7,水样,NYMY23091906,2023/11/5 08:00,,,,,,0.018,0.064,1.12,3.0 (L),1.26,
7,水样,NYMY2310313,2023/11/4 08:00,,,,,,,0.072,1.19,,1.55,
7,水样,NYMY23103129,2023/11/3 08:00,,,,,,,0.161,1.32,,1.24,
7,水样,NYMY23103128,2023/11/2 08:00,,,,,,,0.078,0.63,,0.7,
7,水样,NYMY23103130,2023/11/1 08:00,,,,,,,0.12,1.43,,1.46,
7,水样,NYMY23103152,2023/10/29 08:00,,,,,,0.014,0.162,4.36,3.7,4.13,
7,水样,NYMY23103151,2023/10/28 08:00,,,,,,0.014,0.108,3.72,4.8,3.87,
7,水样,NYMY23103150,2023/10/27 08:00,,,,,,0.014,0.127,5.14,3.0 (L),5.17,
7,水样,NYMY2310315,2023/10/26 08:00,,,,,,0.01,0.128,5.08,3,5.12,
7,水样,NYMY23103153,2023/10/25 08:00,,,,,,0.010 (L),0.137,4.25,4.4,4.37,
7,水样,NYMY23103154,2023/10/24 08:00,,,,,,0.010 (L),0.092,1.08,3.0 (L),1.31,
7,水样,"NYMY230919114,NYMY2310386,NYMY2310387",2023/10/23 16:12,,,,,,0.010 (L),0.248,4.85,16.8,4.35,
7,水样,NYMY2310388,2023/10/19 08:00,,,,,,0.000 (cc),0.223,4.1,10.7,3.92,
7,水样,NYMY2310389,2023/10/18 08:00,,,,,,0.010 (L),0.361,6.45,16.2,5.83 (T),
7,水样,NYMY2310390,2023/10/17 08:00,,,,,,0.010 (L),0.098,2.45,7.3,2.23,
7,水样,nymy230920103,2023/10/11 08:00,,,,,,0.201,0.61,9.59,30.9,8.69 (T),
7,水样,nymy230920104,2023/10/10 08:00,,,,,,0.54,0.99,15.28,42.7,12.96 (T),
7,水样,nymy23091928,2023/10/9 08:00,,,,,,0.476,0.88,13.88,39.7,12.02 (T),
7,水样,nymy23091929,2023/10/8 08:00,,,,,,0.224,0.526,9.75,32.8,8.34 (T),
7,水样,nymy230920101,2023/10/7 08:00,,,,,,0.010 (L),0.173,1.46,10.5,2.21,
7,水样,nymy230920102,2023/10/6 08:00,,,,,,0.010 (L),0.166,0.98,5.3,1.53,
7,水样,NYMY23092071,2023/10/3 08:00,,,,,,0.010 (L),0.116,0.75,10.4,1.6,
7,水样,NYMY23092066,2023/10/2 08:00,,,,,,0.010 (L),0.167,0.21,11.6,0.94,
7,水样,NYMY23092067,2023/10/1 08:00,,,,,,0.010 (L),0.135,1.06,12.5,1.75,
7,水样,NYMY23092068,2023/9/30 08:00,,,,,,0.010 (L),0.098,1.43,9.7,2.05,
7,水样,NYMY23092069,2023/9/29 08:00,,,,,,0.010 (L),0.099,1.54,9.8,2.3,
7,水样,NYMY23092070,2023/9/28 08:00,,,,,,0.010 (L),0.153,0.09,8,0.81,
7,水样,byd230822164,2023/9/26 08:00,,,,,,0.010 (L),0.142,1.04,15.2,1.67,
7,水样,BYD230822159,2023/9/25 08:00,,,,,,0.010 (L),0.375,2.97,13.4,3.43,
7,水样,byd230822160,2023/9/24 08:00,,,,,,0.010 (L),0.133,1.39,12.6,2.19,
7,水样,byd230822161,2023/9/23 08:00,,,,,,0.010 (L),0.097,0.99,10.6,1.6,
7,水样,byd230822162,2023/9/22 08:00,,,,,,,0.263,4.66,10.3,4.31,
7,水样,byd230822163,2023/9/21 08:00,,,,,,,0.197,6.74,11.5,6.13 (T),
7,水样,NYMY23090675,2023/9/19 08:00,,,,,,0.010 (L),0.122,5.56,7.9,2.63,
7,水样,NYMY23090690,2023/9/18 08:00,,,,,,0.010 (L),0.22,7.02,8.8,5.31 (T),
7,水样,NYMY23090691,2023/9/17 08:00,,,,,,0.010 (L),0.13,14.24,6.4,1.84,
7,水样,NYMY23090692,2023/9/16 08:00,,,,,,0.010 (L),0.303,15,11,6.51 (T),
7,水样,NYMY23090694,2023/9/15 08:00,,,,,,0.010 (L),0.293,8.59,9.9,6.19 (T),
7,水样,NYMY23090674,2023/9/14 23:10,,,,,,0.010 (L),0.317,7.05,15.5,6.69 (T),
7,水样,NYMY23082847,2023/9/2 15:39,,,,,,0.010 (L),0.729,11.28,30,10.16 (T),
7,水样,NYMY23082845,2023/9/2 13:39,,,,,,0.010 (L),0.858,12.04,,10.85 (T),
7,水样,NYMY23082848,2023/9/2 11:39,,,,,,,,12.68,35.2,11.67 (T),
7,水样,BYD23082287,2023/9/2 09:39,,,,,,0.123,1.097,,35.9,10.96 (T),
7,水样,BYD23082286,2023/9/2 07:39,,,,,,0.010 (L),,14.29,35.5,12.75 (T),
7,水样,NYMY23082850,2023/9/2 05:39,,,,,,0.415,,13.08,34.6,10.99 (T),
7,水样,NYMY23082851,2023/9/2 03:39,,,,,,,,,33.4,9.86 (T),
7,水样,NYMY23082852,2023/9/2 01:39,,,,,,,,10.69,29.6,9.17 (T),
7,水样,NYMY23082849,2023/9/1 23:39,,,,,,,,10.58,31.7,9.78 (T),
7,水样,NYMY23082843,2023/9/1 21:39,,,,,,0.010 (L),,11.62,39.2,10.21 (T),
7,水样,NYMY23082844,2023/9/1 19:39,,,,,,0.096,,10.03,40,8.83 (T),
7,水样,BYD23082285,2023/8/29 08:00,,,,,,0.010 (L),,8.07,18.7,,
7,水样,BYD23082284,2023/8/27 08:00,,,,,,0.010 (L),,6.64,18.2,6.54 (T),
7,水样,BYD23082283,2023/8/26 08:00,,,,,,0.010 (L),,11.21 (T),24.2,,
7,水样,BYD23082282,2023/8/25 12:00,,,,,,0.010 (L),,15.05 (T),35.9,,
7,水样,BYD23082281,2023/8/25 10:21,,,,,,0.010 (L),,15.75 (T),40,,
7,水样,BYD23082280,2023/8/24 19:44,,,,,,0.010 (L),,14.86 (T),35.7,,
7,水样,BYD23082259,2023/8/24 12:00,,,,,,0.010 (L),,16.37 (T),38.2,,
7,水样,BYD23082258,2023/8/24 10:39,,,,,,0.010 (L),,16.58 (T),34.6,,
7,水样,BYD23082257,2023/8/23 12:00,,,,,,0.010 (L),,15.61 (T),38.5,,
7,水样,BYD23082256,2023/8/22 14:24,,,,,,0.010 (L),,9.01 (T),33.3,,
11,水样,NYMY23112862,2023/12/13 08:00,,,,,,0.183,0.177,,,,
11,水样,NYMY23112863,2023/12/12 08:00,,,,,,0.010 (L),0.127,,,,
11,水样,NYMY23112864,2023/12/11 08:00,,,,,,0.010 (L),0.129,,,,
11,水样,NYMY23112865,2023/12/10 08:00,,,,,,0.010 (L),0.159,,,,
11,水样,NYMY23112866,2023/12/9 08:00,,,,,,0.010 (L),0.171,,,,
11,水样,NYMY23112867,2023/12/8 08:00,,,,,,0.010 (L),0.185,,,,
11,水样,NYMY23111913,2023/12/7 08:00,,,,,,0.010 (L),0.148,1.88,6,2.22,
11,水样,NYMY23111914,2023/12/6 08:00,,,,,,0.010 (L),0.141,1.83,5.1,2.2,
11,水样,NYMY23111915,2023/12/5 08:00,,,,,,0.010 (L),0.138,1.99,5.2,2.23,
11,水样,NYMY23111911,2023/12/3 08:00,,,,,,0.010 (L),0.156,2.56,3.8,2.7,
11,水样,NYMY23111912,2023/12/2 08:00,,,,,,0.010 (L),0.129,1.77,4.5,2.15,
11,水样,NYMY23111980,2023/11/28 08:00,,,,,,,0.15,4.58,,4.28,
11,水样,NYMY23111982,2023/11/25 08:00,,,,,,,0.149,3.84,,3.71,
11,水样,NYMY23111381,2023/11/21 08:00,,,,,,0.022,0.272,9.24 (T),10.5,8.23,
11,水样,NYMY23111382,2023/11/20 08:00,,,,,,,0.353,11.14 (T),9.2,9.46,
11,水样,NYMY23111383,2023/11/19 08:00,,,,,,0.069,0.352,9.20 (T),12.4,8.02,
11,水样,NYMY23111384,2023/11/18 08:00,,,,,,0.016,0.503,8.75,12.3,7.15,
11,水样,NYMY23111332,2023/11/17 16:40,,,,,,0.028,0.197,4.65,6.1,4.26,
11,水样,NYMY23111331,2023/11/17 16:20,,,,,,0.028,0.223,5,5.1,4.59,
11,水样,NYMY23111334,2023/11/16 08:00,,,,,,0.019,0.19,2.93,3.0 (L),3.26,
11,水样,NYMY23111335,2023/11/15 08:00,,,,,,0.012,0.245,3.82,3.3,3.55,
11,水样,NYMY23111336,2023/11/14 08:00,,,,,,0.023,0.157,3.79,3.0 (L),3.44,
11,水样,NYMY231013131,2023/11/13 08:00,,,,,,0.016,0.151,2.18,3.0 (L),2.38,
11,水样,NYMY231013127,2023/11/12 08:00,,,,,,0.023,0.178,4.31,3.3,3.93,
11,水样,NYMY231013128,2023/11/11 08:00,,,,,,0.024,0.175,3.94,3.8,3.6,
11,水样,NYMY231013129,2023/11/10 08:00,,,,,,0.010 (L),0.182,2.54,3.0 (L),2.77,
11,水样,NYMY23101313,2023/11/9 08:00,,,,,,0.01,0.157,4.56,3.0 (L),4.24,
11,水样,NYMY231013130,2023/11/8 08:00,,,,,,0.010 (L),0.164,5.63,4.8,4.91,
11,水样,NYMY23091902,2023/11/6 08:00,,,,,,0.013,0.162,3.02,3.0 (L),3.12,
11,水样,NYMY23091901,2023/11/5 08:00,,,,,,0.021,0.177,4.85,3.0 (L),4.87,
11,水样,NYMY23091909,2023/11/4 08:00,,,,,,,0.218,4.35,,4.16,
11,水样,NYMY23091904,2023/11/3 08:00,,,,,,,0.181,4.94,,4.74,
11,水样,NYMY23091905,2023/11/2 08:00,,,,,,,0.152,3.73,,3.6,
11,水样,NYMY23091903,2023/11/1 08:00,,,,,,0.016,0.175,5.2,3.0 (L),4.83,
11,水样,NYMY23103169,2023/10/29 08:00,,,,,,0.013,0.17,4.87,4.9,4.95,
11,水样,NYMY2310317,2023/10/28 08:00,,,,,,0.011,0.213,5.02,5.1,5.02,
11,水样,NYMY23103170,2023/10/27 08:00,,,,,,0.010 (L),0.218,5.89,7,5.69,
11,水样,NYMY23103171,2023/10/26 08:00,,,,,,0.010 (L),0.194,5.62,6.6,5.43,
11,水样,NYMY23103172,2023/10/25 08:00,,,,,,0.015,0.229,5.64,7.6,5.58,
11,水样,NYMY23103173,2023/10/24 08:00,,,,,,0.018,0.195,6.76,8.2,6.09,
11,水样,NYMY2310376,2023/10/23 08:00,,,,,,0.010 (L),0.2,8.04,10,6.88 (T),
11,水样,nymy2310372,2023/10/21 08:00,,,,,,0.010 (L),0.204,4.75,14.6,4.39,
11,水样,"nymy2310371,NYMY2310373",2023/10/20 08:00,,,,,,0.010 (L),0.192,7.26,12.7,6.72 (T),
11,水样,nymy2310374,2023/10/19 08:00,,,,,,0.010 (L),0.195,10.64,15.9,9.70 (T),
11,水样,nymy2310375,2023/10/18 08:00,,,,,,0.010 (L),0.219,10.44,15.3,9.43 (T),
11,水样,NYMY23091930,2023/10/10 08:00,,,,,,,0.408,8.16,21.5,8.12 (T),
11,水样,nymy23091931,2023/10/9 08:00,,,,,,0.010 (L),0.592,9.6,19.4,10.60 (T),
11,水样,nymy23091932,2023/10/8 08:00,,,,,,0.010 (L),0.548,4.75,19.2,5.50 (T),
11,水样,NYMY23091933,2023/10/7 08:00,,,,,,0.010 (L),0.168,3.35,10.6,3.72,
11,水样,NYMY23091934,2023/10/6 08:00,,,,,,,0.249,3.65,12.2,3.34,
11,水样,NYMY23091935,2023/10/5 08:00,,,,,,,0.245,2.91,9,,
11,水样,NYMY23092076,2023/10/3 08:00,,,,,,0.010 (L),0.146,0.45,11.8,1.41,
11,水样,NYMY23092077,2023/10/2 08:00,,,,,,0.010 (L),0.168,3.13,12.5,3.46,
11,水样,nymy23092072,2023/10/1 08:00,,,,,,,0.154,4.25,11.8,3.92,
11,水样,nymy23092073,2023/9/30 08:00,,,,,,,0.154,4.1,8.2,3.84,
11,水样,nymy23092074,2023/9/29 08:00,,,,,,,0.156,4.37,8.3,4.04,
11,水样,NYMY23092075,2023/9/28 08:00,,,,,,0.010 (L),0.202,0.05 (L),6.7,0.14,
11,水样,nymy23090685,2023/9/26 08:00,,,,,,0.010 (L),0.222,3.65,18.4,4.39,
11,水样,nymy23090683,2023/9/25 08:00,,,,,,0.010 (L),0.313,2.89,21.2,3.34,
11,水样,nymy23090684,2023/9/24 08:00,,,,,,0.010 (L),0.208,4.93,16.7,5.47 (T),
11,水样,nymy23090677,2023/9/23 08:00,,,,,,0.010 (L),0.202,3.56,16.5,4.33,
11,水样,nymy23090682,2023/9/22 08:00,,,,,,0.010 (L),0.161,1.66,14.6,2.55,
11,水样,nymy23090681,2023/9/21 08:00,,,,,,0.010 (L),0.187,2.81,14.8,3.35,
11,水样,nymy23082834,2023/9/2 05:42,,,,,,,0.629,18.95,18.4,15.44 (T),
11,水样,nymy23082837,2023/9/2 01:42,,,,,,,0.566,11.3,14.8,9.84 (T),
11,水样,nymy23082838,2023/9/1 23:42,,,,,,,0.585,17.15,17.6,14.07 (T),
11,水样,BYD23082290,2023/8/31 08:00,,,,,,0.010 (L),0.595,16.16,27.1,14.08 (T),
11,水样,BYD23082289,2023/8/30 08:00,,,,,,0.010 (L),0.362,9.58,17.9,9.13 (T),
11,水样,BYD23082288,2023/8/29 08:00,,,,,,0.010 (L),0.358,10.08,18.5,9.19 (T),
11,水样,BYD23082291,2023/8/28 17:40,,,,,,0.010 (L),0.369,10.88,17.1,10.05 (T),
11,水样,BYD23082292,2023/8/28 08:00,,,,,,0.010 (L),0.368,12.32,16.5,11.25 (T),
11,水样,BYD23082293,2023/8/27 08:00,,,,,,0.010 (L),0.564,18.98,25.1,13.77 (T),
11,水样,BYD23082294,2023/8/26 08:00,,,,,,0.010 (L),0.872,28.22,34.2,21.43 (T),
11,水样,BYD23082295,2023/8/25 12:00,,,,,,0.010 (L),,30.27,35.1,21.92 (T),
11,水样,BYD23082296,2023/8/25 10:21,,,,,,0.010 (L),1.102,,36.5,23.71 (T),
11,水样,BYD23082297,2023/8/24 12:00,,,,,,0.010 (L),0.732,25.55,32.8,20.13 (T),
11,水样,BYD23082298,2023/8/24 10:38,,,,,,0.010 (L),0.699,27.04,34,20.57 (T),
11,水样,BYD23082299,2023/8/23 12:23,,,,,,0.010 (L),0.796,32.7,34.1,22.62 (T),
13,水样,nymy24052085,2024/5/28 21:23,,,,,,,0.874,42.46,283.4,24.74 (T),
13,水样,nymy24052084,2024/5/28 20:03,,,,,,,2.388,9.46,278.6,7.58,
13,水样,nymy24052081,2024/5/28 19:19,,,,,,,0.342,56.94,340.4,25.85 (T),
13,水样,nymy24052082,2024/5/28 18:36,,,,,,,0.374,60.93,340.6,26.13 (T),
13,水样,nymy2402471,2024/5/21 14:34,,,,,,0.629,0.942,60.67,33.6,25.73 (T),
13,水样,NYMY23112849,2023/12/8 08:00,,,,,,0.012,0.095,,,,
13,水样,NYMY23112842,2023/12/7 15:30,,,,,,0.037,0.294,,,,
13,水样,NYMY23112843,2023/12/7 08:00,,,,,,0.010 (L),0.077,,,,
13,水样,NYMY23111919,2023/12/6 15:30,,,,,,0.010 (L),0.163,2.55,12.1,2.58,
13,水样,NYMY23111917,2023/12/6 08:00,,,,,,0.010 (L),0.116,1.42,8.9,1.56,
13,水样,NYMY23111921,2023/12/5 08:00,,,,,,0.010 (L),0.095,1.28,8.1,1.57,
13,水样,NYMY23111918,2023/12/4 15:30,,,,,,0.010 (L),0.161,1.68,16.4,1.61,
13,水样,NYMY23111956,2023/11/28 15:30,,,,,,,0.123,1.54,,1.54,
13,水样,NYMY23111954,2023/11/26 15:30,,,,,,,0.14,2.53,,2.38,
13,水样,NYMY23111955,2023/11/26 08:00,,,,,,,0.097,2.68,,2.85,
13,水样,NYMY23111357,2023/11/21 15:30,,,,,,,0.14,4.94,4.6,4.32,
13,水样,NYMY23111358,2023/11/18 08:00,,,,,,,0.457,7.84,19,6.34,
13,水样,NYMY23111359,2023/11/17 16:30,,,,,,0.323,0.095,5.19,9.7,4.14,
13,水样,NYMY23111360,2023/11/17 16:10,,,,,,,0.108,5.08,9.6,3.93,
13,水样,NYMY23111355,2023/11/17 15:50,,,,,,,0.084,4.71,9.3,3.76,
13,水样,NYMY23111356,2023/11/17 15:40,,,,,,,0.079,4.71,10.6,3.74,
13,水样,NYMY23103115,2023/11/17 08:00,,,,,,0.02,0.152,3.79,6.2,3.4,
13,水样,NYMY23111322,2023/11/16 15:30,,,,,,0.029,0.136,2.5,5.2,2.58,
13,水样,NYMY23111321,2023/11/16 08:00,,,,,,0.052,0.093,1.82,3.0 (L),1.78,
13,水样,NYMY23111320,2023/11/15 15:30,,,,,,0.045,0.123,5.01,3.0 (L),4.57,
13,水样,NYMY23103116,2023/11/15 08:00,,,,,,0.067,0.21,1.93,3.0 (L),1.94,
13,水样,NYMY23103114,2023/11/14 15:30,,,,,,0.043,0.123,3.73,3.0 (L),3.26,
13,水样,NYMY23101358,2023/11/13 15:30,,,,,,0.02,0.179,4.44,6.5,4.05,
13,水样,NYMY23101357,2023/11/13 08:00,,,,,,0.023,0.162,2.59,9.2,2.52,
13,水样,NYMY23101353,2023/11/12 15:30,,,,,,0.015,0.191,4.28,8.3,3.41,
13,水样,NYMY23101354,2023/11/12 08:00,,,,,,0.025,0.067,1.86,3.0 (L),1.93,
13,水样,NYMY23101355,2023/11/11 15:30,,,,,,0.025,0.213,4.06,4.6,3.66,
13,水样,NYMY23101356,2023/11/11 08:00,,,,,,0.029,0.106,2.97,3.0 (L),3.2,
13,水样,NYMY231013187,2023/11/6 15:30,,,,,,0.026,0.165,2.23,7.6,2.07,
13,水样,NYMY231013188,2023/11/6 08:00,,,,,,0.012,0.102,1.27,6.1,1.4,
13,水样,NYMY231013189,2023/11/5 15:30,,,,,,0.016,0.248,3.51,12.6,3.31,
13,水样,NYMY231013184,2023/11/5 08:00,,,,,,0.010 (L),0.063,0.8,3.8,1.04,
13,水样,NYMY231013185,2023/11/4 15:30,,,,,,0.010 (L),0.145,5.79,7.1,5.3,
13,水样,NYMY231013186,2023/11/4 08:00,,,,,,0.010 (L),0.087,1.55,4,1.71,
13,水样,NYMY2310325,2023/10/30 12:01,,,,,,0.067,0.136,5.23,3.0 (L),5.27,
13,水样,NYMY2310326,2023/10/30 08:00,,,,,,0.04,0.075,1.49,3.0 (L),1.65,
13,水样,NYMY2310327,2023/10/29 15:30,,,,,,0.036,0.15,4.22,5.1,4.19,
13,水样,NYMY2310328,2023/10/29 08:00,,,,,,0.025,0.079,3.09,3.0 (L),3.01,
13,水样,NYMY2310329,2023/10/28 15:30,,,,,,0.014,0.135,4.8,3.0 (L),4.56,
13,水样,NYMY2310330,2023/10/28 08:00,,,,,,0.015,0.117,,3.0 (L),3.94,
14,水样,NYMY23112854,2023/12/13 08:00,,,,,,0.04,0.126,,,,
14,水样,NYMY23112855,2023/12/7 08:00,,,,,,0.010 (L),0.144,,,,
14,水样,NYMY23111324,2023/11/21 08:00,,,,,,,0.131,6.32,4.6,5.46,
14,水样,NYMY23111364,2023/11/20 08:00,,,,,,,0.142,6.42,5.5,5.69,
14,水样,NYMY23111363,2023/11/19 08:00,,,,,,,0.18,5.44,8.7,4.78,
14,水样,NYMY23111362,2023/11/18 08:00,,,,,,,0.25,5.37,12.2,4.59,
14,水样,NYMY23111361,2023/11/17 16:35,,,,,,,0.149,4.03,10.2,3.44,
14,水样,NYMY23111323,2023/11/17 16:15,,,,,,,0.152,3.98,5.1,3.43,
14,水样,NYMY23111325,2023/11/17 08:00,,,,,,0.01,0.089,1.63,3.0 (L),1.69,
14,水样,NYMY23111326,2023/11/16 08:00,,,,,,0.018,0.141,2.04,6.2,1.79,
14,水样,NYMY23111327,2023/11/15 08:00,,,,,,0.027,0.116,4.18,3.0 (L),3.92,
14,水样,NYMY23111328,2023/11/14 08:00,,,,,,0.011,0.116,1.71,3.0 (L),1.71,
14,水样,NYMY23101364,2023/11/13 08:00,,,,,,0.013,0.127,2.54,3.0 (L),2.74,
14,水样,NYMY23101359,2023/11/12 08:00,,,,,,0.014,0.105,2.19,3.6,2.33,
14,水样,NYMY23101360,2023/11/11 08:00,,,,,,0.010 (L),0.118,4.2,3.0 (L),3.83,
14,水样,NYMY23101361,2023/11/10 08:00,,,,,,0.010 (L),0.122,2.44,3.0 (L),2.74,
14,水样,NYMY23101362,2023/11/9 08:00,,,,,,0.010 (L),0.121,3.78,3.0 (L),3.49,
14,水样,NYMY23101363,2023/11/8 08:00,,,,,,0.010 (L),0.137,2.69,3.0 (L),2.97,
14,水样,NYMY231013183,2023/11/6 08:00,,,,,,0.010 (L),0.124,2.95,3.8,3.03,
14,水样,NYMY231013179,2023/11/5 08:00,,,,,,0.010 (L),0.094,1.67,3.0 (L),1.88,
14,水样,NYMY23101318,2023/11/4 08:00,,,,,,0.01,0.135,2.43,3.1,2.39,
14,水样,NYMY231013180,2023/11/3 08:00,,,,,,0.010 (L),0.138,2.2,5.5,2.49,
14,水样,NYMY231013181,2023/11/2 08:00,,,,,,0.010 (L),0.14,2.63,7.7,2.76,
14,水样,NYMY231013182,2023/11/1 08:00,,,,,,0.010 (L),0.126,5.58,3.7,5.39,
14,水样,NYMY23103147,2023/10/30 08:00,,,,,,0.026,0.189,2.35,9.3,2.23,
14,水样,NYMY230919155,2023/10/29 08:00,,,,,,0.103,0.221,4.05,4,3.75,
14,水样,NYMY23103143,2023/10/28 08:00,,,,,,0.024,0.111,5.65,,5.39,
14,水样,NYMY23103144,2023/10/27 08:00,,,,,,0.012,0.113,5.21,3.0 (L),4.94,
14,水样,NYMY23103145,2023/10/26 08:00,,,,,,0.015,0.125,5.4,3.3,5.31,
14,水样,NYMY23103146,2023/10/25 08:00,,,,,,0.015,0.213,4.36,4.6,4.29,
14,水样,NYMY230919156,2023/10/23 08:00,,,,,,0.012,0.095,2.11,5.7,1.96,
14,水样,"NYMY230919157,NYMY2310384",2023/10/22 08:00,,,,,,0.010 (L),0.106,3.38,6.7,3.14,
14,水样,NYMY2310383,2023/10/21 08:00,,,,,,0.010 (L),0.104,5.48,6.8,4.98,
14,水样,NYMY2310385,2023/10/19 08:00,,,,,,0.010 (L),0.094,4.62,7.3,4.44,
14,水样,NYMY230920107,2023/10/10 08:00,,,,,,0.010 (L),1.028,20.88,49.3,17.03 (T),
14,水样,NYMY230920108,2023/10/9 08:00,,,,,,0.010 (L),0.675,20.45,38.7,15.69 (T),
14,水样,nymy230920109,2023/10/8 08:00,,,,,,0.010 (L),0.415,8.1,25.6,8.11 (T),
14,水样,NYMY230920110,2023/10/7 08:00,,,,,,,0.249,2.68,11.7,1.85,
14,水样,NYMY230920105,2023/10/6 08:00,,,,,,0.010 (L),0.187,2.97,6.4,2.79,
14,水样,nymy230920106,2023/10/5 08:00,,,,,,0.010 (L),0.218,3.31,9.4,4.1,
14,水样,NYMY23091982,2023/9/30 08:00,,,,,,0.010 (L),0.149,4.06,11.8,4.6,
14,水样,NYMY23091983,2023/9/29 08:00,,,,,,,0.111,,,,
14,水样,NYMY23091986,2023/9/28 08:00,,,,,,0.010 (L),0.105,1.8,9.4,2.42,
14,水样,NYMY23091984,2023/9/27 08:00,,,,,,0.010 (L),0.139,1.78,9.6,2.5,
14,水样,NYMY23091985,2023/9/26 08:00,,,,,,0.010 (L),0.124,1.56,12.5,2.23,
14,水样,NYMY23091981,2023/9/25 08:00,,,,,,0.010 (L),0.146,4.24,8.7,4.74,
14,水样,nymy23090673,2023/9/19 08:00,,,,,,,0.148,3.1,6.4,2.89,
14,水样,NYMY23090670,2023/9/18 08:00,,,,,,0.010 (L),0.27,5.23,7.9,5.83 (T),
14,水样,NYMY23090671,2023/9/17 08:00,,,,,,0.010 (L),0.132,1.88,7.5,2.49,
14,水样,nymy23090672,2023/9/16 08:00,,,,,,,0.128,6.91,6.4,6.39 (T),
14,水样,NYMY23090669,2023/9/15 08:00,,,,,,0.010 (L),0.141,8.6,9.9,7.51 (T),
14,水样,NYMY23090668,2023/9/14 08:00,,,,,,0.010 (L),0.22,8.1,19.2,8.47 (T),
14,水样,NYMY23082454,2023/9/13 14:20,,,,,,0.011,0.606,17.92,34.2,14.92 (T),
14,水样,nymy23082456,2023/9/13 08:00,,,,,,,0.139,4.6,6.2,4.45,
14,水样,NYMY23082451,2023/9/5 08:00,,,,,,0.010 (L),,6.26,11.1,6.18 (T),
14,水样,NYMY23082449,2023/9/2 01:37,,,,,,0.010 (L),,12.45,34.3,11.22 (T),
14,水样,NYMY23082448,2023/9/1 23:37,,,,,,0.010 (L),,10.92,46.1,9.06 (T),
14,水样,NYMY23082463,2023/9/1 21:37,,,,,,0.010 (L),,12.05,,10.90 (T),
14,水样,NYMY23082464,2023/9/1 19:37,,,,,,0.010 (L),,10.68,35.4,9.78 (T),
14,水样,NYMY23082465,2023/9/1 17:37,,,,,,0.010 (L),,8.24,21.9,8.08 (T),
14,水样,NYMY23082466,2023/9/1 08:00,,,,,,0.010 (L),,10.15,22.3,9.49 (T),
14,水样,NYMY23082467,2023/8/31 08:00,,,,,,0.010 (L),,13.66,34.3,,
14,水样,NYMY23082468,2023/8/30 08:00,,,,,,0.010 (L),,7.21,15.1,7.02 (T),
14,水样,NYMY23082446,2023/8/29 10:10,,,,,,0.010 (L),,7.29,15.4,7.26 (T),
14,水样,NYMY23082455,2023/8/28 10:58,,,,,,,0.345,7.06,19,6.12 (T),
14,水样,NYMY23082453,2023/8/26 08:00,,,,,,,0.224,10.26 (T),11.4,9.08 (T),
14,水样,NYMY23082452,2023/8/25 12:00,,,,,,,0.442,15.97 (T),27.1,13.75 (T),
14,水样,NYMY23082450,2023/8/25 11:00,,,,,,,0.505,16.86 (T),33.5,14.52 (T),
14,水样,NYMY23082447,2023/8/24 19:48,,,,,,,0.493,17.87 (T),32.6,15.25 (T),
14,水样,NYMY23082445,2023/8/24 15:10,,,,,,,0.5,16.45 (T),32.5,14.45 (T),
14.1,水样,NYMY24052065,2024/5/26 17:42,,,,,,,0.165,,45.2,,
14.1,水样,NYMY23101349,2024/4/17 08:00,,,,,,,0.334,5.02,3.0 (L),4.03,
14.1,水样,nymy23101350,2024/2/16 08:00,,,,,,,0.174,,,2.56,
14.1,水样,nymy23101351,2024/2/15 08:00,,,,,,0.010 (L),0.088,4.61,3.0 (L),4.15,
14.1,水样,nymy231128194,2024/2/14 08:00,,,,,,,0.296,5.44,,4.65,
14.1,水样,nymy23101348,2024/2/12 08:00,,,,,,,0.093,4.63,,4.17,
14.1,水样,NYMY23101396,2023/11/29 08:00,,,,,,,0.114,4.69,,4.58,
14.1,水样,NYMY23101352,2023/11/13 08:00,,,,,,0.010 (L),0.169,0.76,3.0 (L),0.76,
14.1,水样,NYMY2310332,2023/11/6 17:09,,,,,,0.129,0.211,2.4,4.7,2.32,
14.1,水样,NYMY2310318,2023/11/6 08:00,,,,,,,0.074,1.32,,1.45,
14.1,水样,NYMY23103180,2023/11/4 08:00,,,,,,0.010 (L),0.25,3.17,9.4,3.15,
14.1,水样,NYMY23103181,2023/11/3 08:00,,,,,,0.014,0.15,2.57,3.0 (L),2.7,
14.1,水样,NYMY231013151,2023/10/31 08:00,,,,,,0.017,0.168,3.88,8.5,3.85,
14.1,水样,NYMY231013150,2023/10/30 15:57,,,,,,0.010 (L),0.229,5.36,24.3,4.79,
14.1,水样,NYMY23103183,2023/10/30 15:48,,,,,,0.047,0.152,5.89,5.1,5.42,
14.1,水样,NYMY23103182,2023/10/30 08:00,,,,,,0.027,0.137,0.73,3.0 (L),0.75,
14.1,水样,nymy2310331,2023/10/23 08:00,,,,,,0.010 (L),0.272,2.57,27.6,,
14.1,水样,nymy2310334,2023/10/21 08:00,,,,,,0.010 (L),0.203,6.04,18.5,5.92 (T),
14.1,水样,nymy2310335,2023/10/20 08:00,,,,,,0.010 (L),0.252,6.42,21.5,,
14.1,水样,nymy2310336,2023/10/19 08:00,,,,,,0.012,0.382,7.53,44.1,5.74 (T),
14.1,水样,nymy230919100,2023/10/18 08:00,,,,,,0.010 (L),,,,,
14.1,水样,nymy230919101,2023/10/17 08:00,,,,,,0.010 (L),0.117,6.34,8.5,5.79 (T),
14.1,水样,nymy230919102,2023/10/16 08:00,,,,,,0.010 (L),0.167,5.83,12.9,5.20 (T),
14.1,水样,NYMY230919103,2023/10/15 08:00,,,,,,0.010 (L),0.152,7.03,10.4,6.28 (T),
14.1,水样,NYMY230919104,2023/10/14 08:00,,,,,,0.010 (L),0.215,5.69,14.9,4.95,
14.1,水样,nymy230919105,2023/10/13 12:16,,,,,,0.010 (L),0.348,9.69,25.5,8.28 (T),
14.1,水样,NYMY23092051,2023/10/10 08:00,,,,,,0.010 (L),1.062,26.76,31.8,21.10 (T),
14.1,水样,NYMY23092046,2023/10/6 08:00,,,,,,0.010 (L),0.639,15.27,101,12.97 (T),
14.1,水样,NYMY23092047,2023/10/5 08:00,,,,,,0.010 (L),0.168,6.38,5.8,5.70 (T),
14.1,水样,NYMY23092048,2023/10/4 08:00,,,,,,0.010 (L),0.126,5.01,10.9,4.66,
14.1,水样,nymy23092049,2023/10/3 08:00,,,,,,0.010 (L),,,,,
14.1,水样,NYMY23092050,2023/10/2 08:00,,,,,,0.010 (L),0.316,3.01,10.2,3.31,
14.1,水样,NYMY23091971,2023/9/30 08:00,,,,,,,0.179,6.17,9.6,5.54 (T),
14.1,水样,NYMY23091972,2023/9/29 08:00,,,,,,,0.087,2.74,4.7,2.51,
14.1,水样,NYMY23091973,2023/9/28 08:00,,,,,,,0.114,4.39,5.2,4.07,
14.1,水样,NYMY23091974,2023/9/27 08:00,,,,,,,0.138,3.01,5.6,2.78,
14.1,水样,NYMY23091969,2023/9/26 08:00,,,,,,,0.187,2.68,8.8,2.64,
14.1,水样,nymy23091970,2023/9/25 08:00,,,,,,,0.134,6.99,8,6.37 (T),
14.1,水样,NYMY23090643,2023/9/20 08:00,,,,,,0.010 (L),0.103,4.58,9.8,5.04 (T),
14.1,水样,NYMY23090639,2023/9/19 08:00,,,,,,0.019,0.091,1.39,8.4,2.44,
14.1,水样,NYMY23090640,2023/9/18 08:00,,,,,,0.022,0.107,4.1,8.7,5.11 (T),
14.1,水样,NYMY23090641,2023/9/17 08:00,,,,,,0.010 (L),0.203,1.8,10.1,2.61,
14.1,水样,NYMY23090642,2023/9/16 08:00,,,,,,0.010 (L),0.174,5.18,7.9,5.74 (T),
14.1,水样,NYMY23090644,2023/9/15 08:00,,,,,,0.010 (L),0.145,5.71,12.4,6.32 (T),
14.1,水样,nymy23082898,2023/9/2 13:43,,,,,,,0.611,15.7,29.3,13.05 (T),
14.1,水样,byd23082243,2023/9/2 09:43,,,,,,,0.898,15.89,32.4,13.00 (T),
14.1,水样,byd23082242,2023/9/2 07:43,,,,,,,0.955,15.79,32,12.92 (T),
14.1,水样,nymy23082890,2023/9/2 03:43,,,,,,,1.012,13.14,26.8,11.10 (T),
14.1,水样,nymy23082893,2023/9/1 21:43,,,,,,,0.757,13.07,31.3,10.82 (T),
14.1,水样,BYD23082241,2023/8/29 08:00,,,,,,,0.181,7.31,10.4,6.52 (T),
14.1,水样,BYD23082240,2023/8/28 17:35,,,,,,,0.246,8.03,15.2,7.16 (T),
14.1,水样,BYD23082261,2023/8/28 08:00,,,,,,,0.207,6.86,12.5,6.14 (T),
14.1,水样,BYD23082279,2023/8/27 08:00,,,,,,,0.152,7.82,8.3,7.07 (T),
14.1,水样,BYD23082278,2023/8/26 08:00,,,,,,,0.291,10.94 (T),21.2,9.76 (T),
14.1,水样,BYD23082277,2023/8/25 12:00,,,,,,,0.462,16.15 (T),29.3,13.96 (T),
14.1,水样,BYD23082276,2023/8/25 11:02,,,,,,,0.675,17.27 (T),53.5,14.94 (T),
14.1,水样,BYD23082275,2023/8/24 19:49,,,,,,,0.485,17.87 (T),34.4,15.54 (T),
14.1,水样,BYD23082274,2023/8/24 12:00,,,,,,0.010 (L),,22.25 (adE/T),48.9,,
14.1,水样,BYD23082273,2023/8/23 12:00,,,,,,,0.493,16.56 (T),38.1,14.42 (T),
14.2,水样,NYMY24052058,2024/5/28 19:12,,,,,,,0.026,4.06,44.8,,
14.2,水样,nymy2402492,2024/5/20 23:09,,,,,,1.781,0.881,51.78,45.8,24.38 (T),
14.2,水样,NYMY23101386,2023/11/21 08:00,,,,,,,0.142,5.92,7.5,5.14,
14.2,水样,NYMY23101387,2023/11/20 08:00,,,,,,,0.261,6,56.5,4.88,
14.2,水样,NYMY23101385,2023/11/19 08:00,,,,,,,0.137,6.07,6.4,5.26,
14.2,水样,NYMY23101388,2023/11/18 08:00,,,,,,,0.391,6.87,17.9,5.4,
14.2,水样,NYMY23101389,2023/11/17 08:00,,,,,,0.044,0.088,4.95,6.1,4.3,
14.2,水样,NYMY23101390,2023/11/14 08:00,,,,,,,0.14,2.64,10.9,2.42,
14.2,水样,NYMY23101341,2023/11/13 08:00,,,,,,0.010 (L),0.129,2.33,3.0 (L),2.43,
14.2,水样,NYMY23101342,2023/11/12 08:00,,,,,,0.014,0.13,2.82,3.0 (L),3.08,
14.2,水样,NYMY23101346,2023/11/11 08:00,,,,,,0.010 (L),0.149,4.91,3.0 (L),4.48,
14.2,水样,NYMY23101345,2023/11/10 08:00,,,,,,0.018,0.15,2,3.0 (L),2.04,
14.2,水样,NYMY23101344,2023/11/9 08:00,,,,,,0.013,0.125,3.99,3.0 (L),3.61,
14.2,水样,NYMY23101343,2023/11/8 08:00,,,,,,0.013,0.123,2.34,3.0 (L),2.45,
14.2,水样,3-23051207,2023/11/6 08:00,,,,,,0.011,0.144,4.19,12.2,3.83,
14.2,水样,NYMY23103184,2023/11/5 08:00,,,,,,0.011,,,,,
14.2,水样,NYMY23103185,2023/11/4 08:00,,,,,,0.013,0.232,2.43,6.1,2.63,
14.2,水样,NYMY23103186,2023/11/3 08:00,,,,,,0.019,0.176,0.11,3.0 (L),0.35,
14.2,水样,NYMY23101315,2023/11/2 08:00,,,,,,0.010 (L),0.106,4.21,6.6,3.81,
14.2,水样,NYMY231013149,2023/11/1 08:00,,,,,,0.014,0.179,0.26,3.0 (L),0.33,
14.2,水样,NYMY23103187,2023/10/30 08:00,,,,,,0.032,0.094,5.85,3.0 (L),5.43,
14.2,水样,NYMY23103188,2023/10/24 08:00,,,,,,0.010 (L),0.075,1.66,3.0 (L),1.79,
14.2,水样,nymy2310341,2023/10/23 08:00,,,,,,0.024,0.091,2.14,10,2.1,
14.2,水样,nymy2310339,2023/10/21 08:00,,,,,,0.010 (L),0.1,6.31,12,5.88 (T),
14.2,水样,"nymy2310338,nymy2310340",2023/10/20 08:00,,,,,,0.010 (L),0.125,6.14,9.8,3.31,
14.2,水样,nymy2310337,2023/10/19 08:00,,,,,,0.010 (L),0.112,6.26,11.4,,
14.2,水样,nymy230920111,2023/10/18 08:00,,,,,,0.010 (L),,,,5.71 (T),
14.2,水样,nymy230920112,2023/10/17 08:00,,,,,,0.010 (L),,,,,
14.2,水样,nymy230920113,2023/10/16 08:00,,,,,,0.010 (L),,,,,
14.2,水样,NYMY230920114,2023/10/15 08:00,,,,,,0.010 (L),0.154,6.68,11.2,6.03 (T),
14.2,水样,nymy23092045,2023/10/1 08:00,,,,,,0.010 (L),,,,,
14.2,水样,nymy23091966,2023/9/30 08:00,,,,,,,0.138,6.7,5.5,6.19 (T),
14.2,水样,nymy23091967,2023/9/29 08:00,,,,,,,0.089,4.61,5.5,4.34,
14.2,水样,nymy23091968,2023/9/28 08:00,,,,,,,0.126,3.1,5.3,2.93,
14.2,水样,NYMY23091963,2023/9/26 08:00,,,,,,,0.174,2.85,8.7,2.86,
14.2,水样,NYMY23091964,2023/9/25 08:00,,,,,,,0.129,6.91,6.2,6.23 (T),
14.2,水样,NYMY23091965,2023/9/24 08:00,,,,,,,0.253,7.34,7.3,6.60 (T),
14.2,水样,BYD230822146,2023/9/20 16:00,,,,,,0.010 (L),0.251,5.18,6.9,6.24 (T),
14.2,水样,BYD230822147,2023/9/12 22:00,,,,,,0.010 (L),0.408,6.21,21.2,6.21 (T),
14.2,水样,BYD230822148,2023/9/12 20:00,,,,,,,,18.06,30.8,13.04 (T),
14.2,水样,BYD230822149,2023/9/12 18:00,,,,,,0.010 (L),0.306,5.67,6.2,5.80 (T),
14.2,水样,BYD230822150,2023/9/12 16:00,,,,,,0.010 (L),0.171,5.47,16.4,5.95 (T),
14.2,水样,BYD230822151,2023/9/12 14:00,,,,,,0.010 (L),0.283,5.28,10.5,5.84 (T),
14.2,水样,BYD230822152,2023/9/12 12:00,,,,,,0.010 (L),0.268,5.62,7.1,6.21 (T),
14.2,水样,BYD230822153,2023/9/12 10:00,,,,,,0.010 (L),0.227,5.2,7.7,5.74 (T),
14.2,水样,BYD230822154,2023/9/12 08:00,,,,,,0.010 (L),0.154,4.87,14.6,5.72 (T),
14.2,水样,BYD230822155,2023/9/12 06:00,,,,,,0.010 (L),0.257,5.34,7.9,5.80 (T),
14.2,水样,NYMY23082889,2023/9/12 04:00,,,,,,0.010 (L),0.258,5.04,8.3,5.61 (T),
14.2,水样,BYD230822156,2023/9/12 02:00,,,,,,0.010 (L),0.217,7.33,6.1,5.82 (T),
14.2,水样,BYD230822157,2023/8/24 18:52,,,,,,,0.5,16.20 (T),31,14.08 (T),
15,水样,nymy24052077,2024/5/27 15:14,,,,,,,1.202,5.09,278.2,2.96,
15,水样,nymy23112884,2024/5/20 12:30,,,,,,0.659,0.671,41.98,30.3,23.52 (T),
15,水样,nymy231128146,2024/5/5 12:30,,,,,,,0.298,3.13,,2.63,
15,水样,nymy23112874,2024/5/4 12:30,,,,,,,0.275,,,3.45,
15,水样,nymy23112875,2024/5/3 12:30,,,,,,,0.417,,,2.72,
15,水样,nymy23112876,2024/5/2 12:30,,,,,,,0.32,2.38,3.0 (L),2.22,
15,水样,NYMY23112856,2023/12/13 08:00,,,,,,0.023,0.143,,,,
15,水样,NYMY23112861,2023/12/12 08:00,,,,,,0.055,0.125,,,,
15,水样,NYMY23112860,2023/12/11 08:00,,,,,,0.107,0.13,,,,
15,水样,NYMY23112859,2023/12/10 08:00,,,,,,0.016,0.111,,,,
15,水样,NYMY23112858,2023/12/9 08:00,,,,,,0.010 (L),0.119,,,,
15,水样,NYMY23112857,2023/12/8 08:00,,,,,,0.01,0.157,,,,
15,水样,NYMY23111368,2023/11/21 08:00,,,,,,,0.286,3.85,16.6,3.26,
15,水样,NYMY23111367,2023/11/20 08:00,,,,,,,0.212,5.88,19.1,5.24,
15,水样,NYMY23111366,2023/11/19 08:00,,,,,,,0.177,2.74,9.2,2.76,
15,水样,NYMY23111365,2023/11/18 08:00,,,,,,,0.474,6.59,35.4,5.18,
15,水样,NYMY23101393,2023/11/17 08:00,,,,,,0.028,0.117,4.18,3.0 (L),3.69,
15,水样,NYMY23101394,2023/11/16 08:00,,,,,,0.07,0.13,2.74,3.0 (L),2.88,
15,水样,NYMY23111329,2023/11/15 08:00,,,,,,0.03,0.164,1.71,8.3,1.6,
15,水样,NYMY23111330,2023/11/14 08:00,,,,,,0.010 (L),0.103,2.08,3.0 (L),2.23,
15,水样,NYMY23101370,2023/11/13 08:00,,,,,,0.026,0.139,2.71,3.0 (L),2.91,
15,水样,NYMY23101365,2023/11/12 08:00,,,,,,0.023,0.101,1.49,3.0 (L),1.59,
15,水样,NYMY23101366,2023/11/11 08:00,,,,,,0.011,0.13,4.56,3.0 (L),4.26,
15,水样,NYMY23101367,2023/11/10 08:00,,,,,,0.013,0.178,2.41,4.6,2.45,
15,水样,NYMY23101368,2023/11/9 08:00,,,,,,0.018,0.09,1.98,3.0 (L),2.06,
15,水样,NYMY23101369,2023/11/8 08:00,,,,,,0.010 (L),0.097,3.92,3.0 (L),3.56,
15,水样,NYMY231013177,2023/11/6 08:00,,,,,,0.018,0.192,3.81,8.4,3.68,
15,水样,NYMY231013173,2023/11/5 08:00,,,,,,,0.135,2.82,6.8,2.94,
15,水样,NYMY231013174,2023/11/4 08:00,,,,,,0.010 (L),0.168,1.54,6.9,1.75,
15,水样,NYMY231013175,2023/11/3 08:00,,,,,,0.010 (L),0.149,2.88,4.2,3.12,
15,水样,NYMY231013176,2023/11/2 08:00,,,,,,0.010 (L),0.118,1.43,3.0 (L),1.74,
15,水样,NYMY231013178,2023/11/1 08:00,,,,,,0.010 (L),0.127,3.06,7.4,3.27,
15,水样,NYMY2310379,2023/10/30 08:00,,,,,,,0.147,5.71,8,5.52 (T),
15,水样,"NYMY23103142,nymy2310379",2023/10/30 08:00,,,,,,0.016,0.113,3.92,3.0 (L),3.92,
15,水样,NYMY23103138,2023/10/29 08:00,,,,,,0.05,0.141,4.19,3.0 (L),3.95,
15,水样,NYMY23103139,2023/10/28 08:00,,,,,,0.064,0.17,2.65,4.2,2.6,
15,水样,NYMY2310314,2023/10/27 08:00,,,,,,0.014,0.193,4.41,3.0 (L),4.18,
15,水样,NYMY23103140,2023/10/26 08:00,,,,,,0.012,0.189,,3.0 (L),3.75,
15,水样,NYMY23103141,2023/10/25 08:00,,,,,,0.014,0.166,3.87,6.1,3.76,
15,水样,NYMY2310377,2023/10/23 08:00,,,,,,0.010 (L),0.094,2.11,6.7,2.23,
15,水样,"NYMY2310378,NYMY2310380",2023/10/22 08:00,,,,,,0.010 (L),0.153,3.38,9.9,3.2,
15,水样,NYMY2310382,2023/10/19 08:00,,,,,,0.010 (L),0.164,5.3,8.9,4.95,
15,水样,NYMY2310381,2023/10/18 08:00,,,,,,0.010 (L),0.188,5.84,8.7,5.74 (T),
15,水样,NYMY230920115,2023/10/10 08:00,,,,,,0.010 (L),0.824,23.03,44.2,16.74 (T),
15,水样,nymy230920116,2023/10/9 08:00,,,,,,0.121,0.741,15.25,42,13.99 (T),
15,水样,NYMY230920117,2023/10/8 08:00,,,,,,0.010 (L),0.254,3.8,6.9,4.42,
15,水样,NYMY230920118,2023/10/7 08:00,,,,,,0.010 (L),0.195,3.38,7.9,3.61,
15,水样,3-23051206,2023/10/6 08:00,,,,,,0.010 (L),0.199,9.5,5.5,5.34 (T),
15,水样,NYMY230920120,2023/10/5 08:00,,,,,,0.010 (L),0.197,3.34,10.4,3.05,
15,水样,NYMY23091992,2023/9/30 08:00,,,,,,,0.122,4.98,3.7,4.52,
15,水样,NYMY23091991,2023/9/29 08:00,,,,,,,0.117,5.3,4.8,,
15,水样,NYMY23091990,2023/9/28 08:00,,,,,,,0.113,1.98,5.5,1.92,
15,水样,NYMY23091989,2023/9/27 08:00,,,,,,,0.157,2.35,5.6,2.02,
15,水样,NYMY23091988,2023/9/26 08:00,,,,,,,0.115,2.28,,1.86 (T),
15,水样,NYMY23091993,2023/9/25 08:00,,,,,,,0.137,5.59,7.1,5.09 (T),
15,水样,NYMY23090697,2023/9/19 08:00,,,,,,0.010 (L),0.143,5.54,10.6,3.46,
15,水样,NYMY23090696,2023/9/18 08:00,,,,,,0.010 (L),0.256,6.3,10,6.65 (T),
15,水样,NYMY23090695,2023/9/17 08:00,,,,,,0.012,0.126,3.85,10.9,4.57,
15,水样,NYMY23090699,2023/9/16 08:00,,,,,,0.010 (L),0.144,6.37,14.5,6.81 (T),
15,水样,NYMY23090698,2023/9/15 08:00,,,,,,0.010 (L),0.169,6.98,7.7,7.40 (T),
15,水样,NYMY23090666,2023/9/14 23:10,,,,,,0.010 (L),0.186,7.43,10.8,7.63 (T),
15,水样,NYMY23082482,2023/9/13 11:10,,,,,,0.010 (L),0.744,20.77,35.3,17.06 (T),
15,水样,NYMY23082481,2023/9/13 07:10,,,,,,0.010 (L),0.757,18.49,30.2,15.30 (T),
15,水样,NYMY23082480,2023/9/13 03:10,,,,,,0.010 (L),0.818,13.54,28.5,11.89 (T),
15,水样,NYMY23082479,2023/9/12 23:10,,,,,,0.010 (L),0.41,3.4,12.3,3.23,
15,水样,NYMY23082877,2023/9/12 08:00,,,,,,0.010 (L),0.171,5.53,11.7,5.33 (T),
15,水样,NYMY23082875,2023/9/11 08:00,,,,,,0.010 (L),0.089,2.2,5.6,2.15,
15,水样,NYMY23082871,2023/9/10 08:00,,,,,,0.010 (L),0.121,7.88,12.8,7.27 (T),
15,水样,NYMY23082872,2023/9/9 08:00,,,,,,0.010 (L),0.108,4.24,5.1,4.2,
15,水样,NYMY23082873,2023/9/8 08:00,,,,,,0.010 (L),0.166,6.77,-1.3 (L),6.61 (T),
15,水样,BYD230822193,2023/9/7 08:00,,,,,,0.010 (L),0.176,7.28,14.4,6.85 (T),
15,水样,BYD230822191,2023/9/6 08:00,,,,,,0.000 (TO),0.08,8.83,16.2,8.26 (T),
15,水样,NYMY23082874,2023/9/5 18:41,,,,,,0.010 (L),,8.35,14.3,8.08 (T),
15,水样,NYMY23082876,2023/8/30 08:00,,,,,,0.010 (L),,6.3,15.7,6.36 (T),
15,水样,NYMY23082478,2023/8/29 08:00,,,,,,,0.188,8.14,11.3,7.32 (T),
15,水样,NYMY23082472,2023/8/28 17:36,,,,,,,0.25,8.71,13.9,7.72 (T),
15,水样,NYMY23082473,2023/8/28 10:58,,,,,,,0.356,6.31,16,5.49 (T),
15,水样,NYMY23082474,2023/8/28 08:00,,,,,,,0.153,5.81,9.9,5.19 (T),
15,水样,NYMY23082475,2023/8/27 08:00,,,,,,,0.162,8.61,8.5,7.65 (T),
15,水样,NYMY23082477,2023/8/24 19:48,,,,,,,0.521,21.71 (T),31.1,18.47 (T),
16,水样,nymy23112823,2024/5/20 21:49,,,,,,,0.424,2.53,,1.88,
16,水样,nymy23112822,2024/5/20 19:51,,,,,,0.013,0.878,28.69,52.7,20.33 (T),
16,水样,NYMY231013196,2023/11/21 14:10,,,,,,0.045,0.249,5.89,10,5.33,
16,水样,NYMY231013171,2023/11/21 08:00,,,,,,0.013,0.259,6.13,11.2,5.51,
16,水样,NYMY230919111,2023/11/6 14:15,,,,,,0.010 (L),0.087,3.42,5.8,3.14,
16,水样,NYMY230919112,2023/10/30 12:49,,,,,,0.053,0.152,6.58,3.0 (L),5.85,
16,水样,NYMY23103136,2023/10/30 08:00,,,,,,0.017,0.154,5.59,3.0 (L),5.57,
16,水样,NYMY230919113,2023/10/23 08:00,,,,,,0.010 (L),0.19,7.69,9.6,6.97 (T),
16,水样,nymy23090653,2023/10/11 10:42,,,,,,0.313,1.322,35.06,38.1,22.81 (T),
16,水样,nymy23090652,2023/10/11 08:00,,,,,,0.645,1.321,34.49,37.9,22.78 (T),
16,水样,NYMY23082880,2023/9/5 19:11,,,,,,0.010 (L),,17.79,17.4,15.41 (T),
16,水样,NYMY23082882,2023/9/5 17:40,,,,,,0.010 (L),,16.67,20.7,14.61 (T),
16,水样,NYMY23082484,2023/8/29 08:00,,,,,,,0.428,17.28 (T),14.9,15.27 (T),
16,水样,NYMY230823192,2023/8/28 17:38,,,,,,,0.386,16.55 (T),11.7,14.51 (T),
16,水样,NYMY230823198,2023/8/26 14:52,,,,,,0.010 (L),,18.88 (T),20.6,,
16,水样,NYMY230823199,2023/8/26 13:39,,,,,,0.010 (L),,19.51 (T),18.7,,
17,水样,NYMY23101373,2023/11/17 08:00,,,,,,0.016,0.158,0.41,3.0 (L),0.43,
17,水样,NYMY23101374,2023/11/16 08:00,,,,,,0.018,0.157,0.16,3.0 (L),0.14,
17,水样,NYMY23101375,2023/11/15 08:00,,,,,,0.015,0.199,0.31,3.0 (L),0.27,
17,水样,NYMY23101376,2023/11/14 08:00,,,,,,0.011,0.18,0.66,3.0 (L),0.63,
17,水样,NYMY231013199,2023/11/13 08:00,,,,,,0.037,0.187,0.94,3.0 (L),0.9,
17,水样,NYMY231013197,2023/11/11 08:00,,,,,,0.011,0.167,0.8,3.0 (L),0.85,
17,水样,NYMY23101320,2023/11/10 08:00,,,,,,0.015,0.173,0.44,3.0 (L),0.44,
17,水样,NYMY231013200,2023/11/8 08:00,,,,,,0.010 (L),0.175,0.59,3.0 (L),0.6,
17,水样,NYMY23101321,2023/11/7 08:00,,,,,,0.010 (L),0.165,0.78,3.0 (L),0.78,
17,水样,NYMY231013170,2023/11/6 08:00,,,,,,0.017,0.205,3.2,3.0 (L),4.07,
17,水样,NYMY231013166,2023/11/5 08:00,,,,,,0.012,0.139,0.59,3.0 (L),0.64,
17,水样,NYMY231013167,2023/11/4 08:00,,,,,,0.018,0.155,-0.09 (L),3.0 (L),0.28,
17,水样,NYMY231013168,2023/11/3 08:00,,,,,,0.037,0.186,3.86,3.0 (L),3.58,
17,水样,NYMY231013169,2023/11/2 08:00,,,,,,0.012,0.181,0.2,5.6,0.48,
17,水样,NYMY23101317,2023/11/1 08:00,,,,,,0.023,0.033,0.05 (L),3.0 (L),0.17,
17,水样,NYMY23103174,2023/10/29 08:00,,,,,,0.015,0.127,0.38,3.0 (L),0.58,
17,水样,NYMY23103175,2023/10/28 08:00,,,,,,0.024,0.14,0.54,3.0 (L),0.72,
17,水样,NYMY23103176,2023/10/27 08:00,,,,,,0.023,0.154,,3.0 (L),0.74,
17,水样,NYMY23103177,2023/10/26 08:00,,,,,,0.023,0.158,0.65,3.0 (L),0.83,
17,水样,NYMY23103178,2023/10/25 08:00,,,,,,0.021,0.171,0.56,3.0 (L),0.75,
17,水样,"NYMY2310343,NYMY2310346",2023/10/23 13:07,,,,,,0.010 (L),0.201,1.75,7.4,1.7,
17,水样,nymy2310348,2023/10/23 08:00,,,,,,0.010 (L),0.157,0.59,10.8,0.63,
17,水样,nymy2310347,2023/10/21 08:00,,,,,,0.010 (L),0.151,0.94,9.1,0.91,
17,水样,NYMY2310345,2023/10/19 08:00,,,,,,0.010 (L),0.139,1.71,7,1.64,
17,水样,NYMY2310344,2023/10/18 08:00,,,,,,,0.176,2.03,8,1.93,
17,水样,NYMY230919143,2023/10/17 08:00,,,,,,0.010 (L),0.18,3.37,8.5,3.26,
17,水样,NYMY230919139,2023/10/16 08:00,,,,,,0.010 (L),0.152,4.13,7.3,3.87,
17,水样,NYMY23091914,2023/10/15 08:00,,,,,,0.010 (L),0.227,9.03,12.3,8.20 (T),
17,水样,NYMY230919140,2023/10/14 08:00,,,,,,0.010 (L),0.388,17.15,12.4,14.33 (T),
17,水样,NYMY230919141,2023/10/13 08:00,,,,,,0.010 (L),0.655,28.88,18.2,20.95 (T),
17,水样,NYMY230919142,2023/10/12 08:00,,,,,,0.010 (L),0.914,12.88,24.9,22.33 (T),
17,水样,NYMY23091940,2023/10/10 08:00,,,,,,0.010 (L),2.296,20.76,43.8,24.83 (T),
17,水样,NYMY23092082,2023/10/9 08:00,,,,,,0.010 (L),1.774,23.35,46.2,24.68 (T),
17,水样,NYMY23091936,2023/10/8 08:00,,,,,,0.010 (L),0.868,20.12,30.4,17.44 (T),
17,水样,NYMY23091937,2023/10/7 08:00,,,,,,0.010 (L),0.256,0.93,7.9,0.88,
17,水样,NYMY23091938,2023/10/6 08:00,,,,,,0.010 (L),0.181,0.3,5.3,0.42,
17,水样,NYMY23091939,2023/10/5 08:00,,,,,,0.010 (L),0.174,0.32,6.5,0.38,
17,水样,NYMY23092083,2023/10/2 08:00,,,,,,0.010 (L),0.169,0.12,9.7,0.79,
17,水样,nymy23092078,2023/10/1 08:00,,,,,,,0.143,0.47,4.3,0.45,
17,水样,nymy23092079,2023/9/30 08:00,,,,,,,0.144,0.6,5.7,0.42,
17,水样,NYMY23092080,2023/9/29 08:00,,,,,,0.010 (L),,0.05 (L),8.2,0.52,
17,水样,NYMY23092081,2023/9/28 08:00,,,,,,0.010 (L),0.162,0.05 (L),6.7,0.56,
17,水样,nymy23091976,2023/9/25 08:00,,,,,,0.010 (L),0.128,,10.9,0.45,
17,水样,nymy23091977,2023/9/24 08:00,,,,,,0.010 (L),0.169,0.24,10.9,0.85,
17,水样,nymy23091978,2023/9/23 08:00,,,,,,0.010 (L),0.169,0.05 (L),11.5,0.57,
17,水样,nymy23091979,2023/9/22 08:00,,,,,,0.010 (L),0.163,0.38,9.5,0.95,
17,水样,nymy23091975,2023/9/21 08:00,,,,,,0.010 (L),0.197,0.35,10.6,1.17,
17,水样,nymy23091980,2023/9/20 08:00,,,,,,0.010 (L),0.181,0.19,8.7,1.07,
17,水样,NYMY23090647,2023/9/19 08:00,,,,,,0.010 (L),0.325,0.78,9.8,1.34,
17,水样,NYMY23090649,2023/9/18 08:00,,,,,,0.010 (L),0.272,3.22,10,1.71,
17,水样,NYMY23090651,2023/9/17 08:00,,,,,,0.010 (L),0.174,0.67,8.7,1.23,
17,水样,NYMY23090648,2023/9/16 08:00,,,,,,0.010 (L),0.19,1.28,7.6,1.8,
17,水样,NYMY23090646,2023/9/15 08:00,,,,,,0.010 (L),0.221,2.66,9.7,3.2,
17,水样,NYMY23090645,2023/9/14 23:15,,,,,,0.010 (L),0.278,2.67,8.2,3.49,
17,水样,NYMY23033034,2023/9/8 08:00,,,,,,0.010 (L),0.244,0.89,9,1.53,
17,水样,NYMY23033033,2023/9/7 08:00,,,,,,0.010 (L),0.252,1.96,10.5,1.94,
17,水样,NYMY23033032,2023/9/6 08:00,,,,,,0.010 (L),0.262,1.99,9.9,1.97,
17,水样,NYMY23033031,2023/9/5 08:00,,,,,,0.010 (L),0.275,2.01,8,1.92,
17,水样,NYMY23033030,2023/9/4 08:00,,,,,,0.010 (L),0.334,1.41,9.7,1.94,
17,水样,NYMY23033029,2023/9/3 08:00,,,,,,0.010 (L),0.307,1.3,9,1.9,
17,水样,nymy23082496,2023/9/2 05:41,,,,,,,2.727 (T),20.64,33.8,25.02 (T),
17,水样,nymy23082495,2023/9/1 23:41,,,,,,,1.989 (T),14.51,23.2,23.13 (T),
17,水样,nymy23082885,2023/9/1 21:41,,,,,,,1.642,19.71,27.1,24.78 (T),
17,水样,NYMY23082493,2023/8/28 10:59,,,,,,0.010 (L),,17.01 (T),23.2,,
17,水样,NYMY23082492,2023/8/26 08:00,,,,,,,,12.97 (T),14.8,,
17,水样,NYMY23082491,2023/8/25 12:00,,,,,,0.657,,22.70 (T),22.3,,
17,水样,NYMY23082487,2023/8/25 11:01,,,,,,0.522,,24.40 (T),20.7,,
17,水样,NYMY23082486,2023/8/24 19:49,,,,,,,0.652,28.30 (T),19.2,21.97 (T),
17,水样,NYMY23082485,2023/8/24 17:23,,,,,,1.884,,35.38 (T),34.3,,
18,水样,NYMY24052054,2024/5/28 08:00,,,,,,0.010 (L),0.235,5.24,42.2,4.66,
18,水样,nymy23101335,2024/5/21 11:09,,,,,,,,,,4.72,
18,水样,nymy23082382,2024/5/20 08:00,,,,,,,0.348,,,8.66,
18,水样,nymy23082365,2024/5/13 08:00,,,,,,,0.134,1.76,,1.33,
18,水样,nymy23082366,2024/5/12 08:00,,,,,,,0.111,5.15,,4.58,
18,水样,nymy23091947,2024/5/10 08:00,,,,,,,0.095,3.16,,2.73,
18,水样,nymy23101336,2024/5/9 08:00,,,,,,,0.115,4.09,3.0 (L),3.59,
18,水样,nymy23111352,2024/4/21 08:00,,,,,,,0.183,3.18,,2.7,
18,水样,nymy2402472,2024/4/2 08:00,,,,,,,0.257,1.35,3.5,0.98,
18,水样,NYMY2402473,2024/3/29 08:00,,,,,,,0.246,,,2.72,
18,水样,nymy2402474,2024/3/27 08:00,,,,,,,0.275,3.37,,3.02,
18,水样,NYMY231128191,2023/12/6 08:00,,,,,,0.019,0.07,5.86,5.8,5.53,
18,水样,NYMY231128192,2023/11/30 08:00,,,,,,0.010 (L),0.079,4.18,7.9,4.17,
18,水样,NYMY23111964,2023/11/29 08:00,,,,,,,0.03,-0.10 (L),,0.07,
18,水样,NYMY23111965,2023/11/23 08:00,,,,,,,0.064,5.04,,4.97,
18,水样,NYMY23111966,2023/11/22 08:00,,,,,,,0.117,3.55,,3.58,
18,水样,NYMY23111351,2023/11/21 08:00,,,,,,,0.066,6.03,,5.44,
18,水样,NYMY23111353,2023/11/19 08:00,,,,,,,0.095,5.94,6.4,5.27,
18,水样,NYMY23111354,2023/11/18 08:00,,,,,,,0.306,6.14,22.6,5.16,
18,水样,NYMY23101337,2023/11/17 08:00,,,,,,0.015,0.028,2.34,3.0 (L),2.44,
18,水样,NYMY23101338,2023/11/16 08:00,,,,,,0.018,0.023,0.05 (L),3.0 (L),0,
18,水样,NYMY23101339,2023/11/15 08:00,,,,,,0.023,0.024,0.12,3.0 (L),0.09,
18,水样,NYMY23101384,2023/11/14 08:00,,,,,,0.010 (L),0.024,0.05 (L),3.0 (L),0.01,
18,水样,NYMY23101340,2023/11/13 15:16,,,,,,0.039,0.063,0.41,5.2,0.33,
18,水样,NYMY23091948,2023/11/6 08:00,,,,,,0.058,0.099,0.08,12.4,0.3,
18,水样,NYMY23103189,2023/11/3 08:00,,,,,,0.018,0.134,5.15,5.1,4.93,
18,水样,NYMY2310319,2023/11/2 08:00,,,,,,0.010 (L),0.049,-0.22 (L),3.0 (L),0.06,
18,水样,NYMY230919126,2023/11/1 08:00,,,,,,0.010 (L),0.069,1.3,7.7,1.49,
18,水样,NYMY231013155,2023/10/31 08:00,,,,,,0.012,0.155,0.61,3.0 (L),0.83,
18,水样,NYMY231013154,2023/10/30 15:26,,,,,,0.012,0.161,1.05,4.1,1.23,
18,水样,NYMY23103190,2023/10/30 15:16,,,,,,0.010 (L),0.065,1.13,3.0 (L),1.01,
18,水样,NYMY23103191,2023/10/30 08:00,,,,,,0.026,0.08,0.88,3.0 (L),0.87,
18,水样,nymy230919125,2023/10/23 11:50,,,,,,0.04,0.05,2.02,13.4,,
18,水样,nymy230919127,2023/10/23 08:00,,,,,,0.028,0.049,1.87,13.6,,
18,水样,nymy230919128,2023/10/13 10:24,,,,,,0.010 (L),0.198,3.69,21.4,3.69,
18,水样,nymy23091949,2023/10/10 15:57,,,,,,0.016,0.07,1.75,13.3,,
18,水样,NYMY23091950,2023/10/7 08:00,,,,,,0.010 (L),0.082,0.00 (lw),5.4,1.15,
18,水样,NYMY23091951,2023/10/6 08:00,,,,,,,0.085,1.51,5,1.5,
18,水样,NYMY23091952,2023/10/5 08:00,,,,,,0.010 (L),0.06,0.06,5.3,0.15,
18,水样,NYMY23091953,2023/10/4 08:00,,,,,,,0.088,0.01 (L),4,0.13,
18,水样,NYMY23082367,2023/10/3 08:00,,,,,,0.010 (L),0.025,0.05 (L),6.7,0.05,
18,水样,NYMY23082368,2023/10/2 08:00,,,,,,0.010 (L),0.037,0.05 (L),6.7,0.14,
18,水样,BYD230822165,2023/9/30 08:00,,,,,,0.010 (L),0.029,0.05 (L),8.9,0.12,
18,水样,NYMY23092084,2023/9/29 08:00,,,,,,0.010 (L),0.036,0.53,7,1.31,
18,水样,NYMY23092085,2023/9/28 08:00,,,,,,0.010 (L),0.045,0.12,10.8,0.99,
18,水样,NYMY23092086,2023/9/27 08:00,,,,,,0.010 (L),0.034,0.05 (L),6.4,0.3,
18,水样,BYD230822166,2023/9/25 17:06,,,,,,0.010 (L),0.084,0.05 (L),12.4,0.32,
18,水样,nymy23082462,2023/9/22 08:00,,,,,,0.036,0.082,0.91,11.5,1.43,
18,水样,byd230822167,2023/9/21 08:00,,,,,,0.010 (L),0.071,4.16,12.3,4.86,
18,水样,byd230822168,2023/9/20 18:53,,,,,,0.010 (L),0.091,4.23,12.6,4.98,
18,水样,NYMY23082461,2023/9/8 08:00,,,,,,0.010 (L),0.021,0.6,5.6,0.81,
18,水样,NYMY23082469,2023/9/3 08:00,,,,,,0.010 (L),0.054,0.37,5.4,1.14,
18,水样,NYMY23082383,2023/8/28 17:32,,,,,,0.010 (L),0.041,0.53,7.8,0.85,
18,水样,NYMY23082384,2023/8/28 12:58,,,,,,0.010 (L),0.057,1.65,14.4,1.99,
18,水样,NYMY23082387,2023/8/28 11:00,,,,,,0.010 (L),0.248,4.19,33.7,,
18,水样,NYMY23082386,2023/8/26 17:12,,,,,,0.010 (L),0.246,3.98,32.2,,
18,水样,NYMY23082385,2023/8/24 19:02,,,,,,0.010 (L),0.262,4.06,32.1,,
19,水样,NYMY24052045,2024/5/27 17:33,,,,,,,0.145,4.48,55.6,,
19,水样,NYMY23112841,2023/12/13 08:00,,,,,,0.010 (L),0.096,,,,
19,水样,NYMY23112836,2023/12/12 08:00,,,,,,0.010 (L),0.089,,,,
19,水样,NYMY23112837,2023/12/11 08:00,,,,,,0.010 (L),0.098,,,,
19,水样,NYMY23112839,2023/12/10 08:00,,,,,,0.010 (L),0.109,,,,
19,水样,NYMY23112838,2023/12/9 08:00,,,,,,0.010 (L),0.139,,,,
19,水样,NYMY23112840,2023/12/8 08:00,,,,,,0.010 (L),0.217,,,,
19,水样,NYMY231128190,2023/12/6 08:00,,,,,,0.010 (L),0.123,4.81,22.8,4.54,
19,水样,NYMY231128186,2023/12/5 08:00,,,,,,0.010 (L),0.097,2.3,10,2.37,
19,水样,NYMY231128187,2023/12/4 08:00,,,,,,0.010 (L),0.132,5.37,20.1,4.69,
19,水样,NYMY231128188,2023/12/3 08:00,,,,,,0.010 (L),0.15,3.64,27.7,3.29,
19,水样,NYMY231128189,2023/12/2 08:00,,,,,,0.010 (L),0.128,2.79,24.4,2.53,
19,水样,NYMY23112819,2023/12/1 08:00,,,,,,0.042,0.104,4.51,9.5,4.45,
19,水样,NYMY23101382,2023/11/21 08:00,,,,,,,0.173,6.51,31.7,5.34,
19,水样,NYMY23111348,2023/11/20 08:00,,,,,,,0.251,6.79,64.2,5.35,
19,水样,NYMY23111349,2023/11/19 08:00,,,,,,,0.24,6.62,53.9,5.29,
19,水样,NYMY23111350,2023/11/18 08:00,,,,,,,0.502,8.31,59.8,6.38,
19,水样,NYMY23111347,2023/11/17 16:40,,,,,,,0.224,5.99,31.2,4.87,
19,水样,NYMY23101383,2023/11/17 16:20,,,,,,,0.141,5.49,9.3,4.96,
19,水样,NYMY23101381,2023/11/17 08:00,,,,,,0.082,0.233,4.29,16.4,3.51,
19,水样,NYMY23101377,2023/11/16 08:00,,,,,,0.019,0.214,2.32,24.6,1.95,
19,水样,NYMY23101378,2023/11/15 08:00,,,,,,0.010 (L),0.099,5.1,3.3,4.71,
19,水样,NYMY23101379,2023/11/14 08:00,,,,,,0.024,0.142,4.41,8.4,3.77,
19,水样,NYMY23101333,2023/11/13 08:00,,,,,,0.010 (L),0.138,5.02,3.0 (L),4.53,
19,水样,NYMY23101327,2023/11/12 08:00,,,,,,0.010 (L),0.143,5.01,3.0 (L),4.5,
19,水样,NYMY23101328,2023/11/11 08:00,,,,,,0.02,0.187,5.6,17.8,4.58,
19,水样,NYMY23101329,2023/11/10 08:00,,,,,,0.022,0.156,2.19,9.8,2.18,
19,水样,NYMY23101330,2023/11/9 08:00,,,,,,0.012,0.103,4.61,3.0 (L),4.23,
19,水样,NYMY23101334,2023/11/8 08:00,,,,,,0.010 (L),0.091,4.99,3,4.6,
19,水样,NYMY231013156,2023/11/6 08:00,,,,,,0.010 (L),0.172,4.31,40.1,3.64,
19,水样,NYMY231013160,2023/11/5 08:00,,,,,,0.010 (L),0.251,5.47,65,4.16,
19,水样,NYMY23101316,2023/11/4 08:00,,,,,,0.010 (L),0.19,4.35,32,3.67,
19,水样,NYMY231013159,2023/11/3 08:00,,,,,,0.010 (L),0.115,4.39,9.7,4.31,
19,水样,NYMY231013158,2023/11/2 08:00,,,,,,0.010 (L),0.132,5.4,15.5,5.16,
19,水样,NYMY231013157,2023/11/1 08:00,,,,,,0.010 (L),0.121,5.33,11.2,4.95,
19,水样,NYMY23103192,2023/10/30 08:00,,,,,,0.010 (L),0.117,4.74,3.0 (L),4.53,
19,水样,NYMY23103196,2023/10/29 08:00,,,,,,0.024,0.117,2.62,3.0 (L),2.45,
19,水样,NYMY23103197,2023/10/28 08:00,,,,,,0.02,0.103,5.7,7.3,5.76,
19,水样,NYMY23103195,2023/10/27 08:00,,,,,,0.023,0.099,5.64,3.0 (L),5.28,
19,水样,NYMY23103194,2023/10/26 08:00,,,,,,0.023,0.103,5.84,3.0 (L),5.66,
19,水样,NYMY23103193,2023/10/25 08:00,,,,,,0.010 (L),0.096,5.82,3.0 (L),5.64,
19,水样,nymy2310349,2023/10/23 08:00,,,,,,0.010 (L),0.134,4.37,18.2,3.93,
19,水样,nymy2310351,2023/10/21 08:00,,,,,,0.010 (L),0.165,6.36,19.4,5.78 (T),
19,水样,"nymy2310350,nymy2310352",2023/10/20 08:00,,,,,,0.010 (L),0.138,6.37,16.5,4.19,
19,水样,nymy2310353,2023/10/19 08:00,,,,,,0.010 (L),0.152,6.33,13,5.88 (T),
19,水样,nymy2310354,2023/10/18 08:00,,,,,,0.010 (L),0.13,6,14.5,5.60 (T),
19,水样,NYMY230919134,2023/10/17 08:00,,,,,,0.010 (L),0.121,6.39,10.1,5.58 (T),
19,水样,NYMY230919129,2023/10/16 08:00,,,,,,0.010 (L),0.194,5.81,6.2,5.03 (T),
19,水样,NYMY23091913,2023/10/15 08:00,,,,,,0.010 (L),0.117,6.45,7.1,5.85 (T),
19,水样,NYMY230919130,2023/10/14 08:00,,,,,,0.010 (L),0.143,6.18,9.5,5.44 (T),
19,水样,NYMY230919131,2023/10/13 08:00,,,,,,0.010 (L),0.196,8.79,15.7,7.84 (T),
19,水样,NYMY230919132,2023/10/12 08:00,,,,,,0.010 (L),0.409,12.17,22.4,10.26 (T),
19,水样,NYMY23091941,2023/10/10 08:00,,,,,,0.169,,,,,
19,水样,NYMY23091942,2023/10/8 08:00,,,,,,0.010 (L),0.286,10.36,25.4,8.92 (T),
19,水样,NYMY23091943,2023/10/7 08:00,,,,,,0.010 (L),0.683,17.08,40.3,13.06 (T),
19,水样,NYMY23091944,2023/10/6 08:00,,,,,,0.010 (L),0.143,5,5,5.18 (T),
19,水样,NYMY23091945,2023/10/5 08:00,,,,,,0.010 (L),0.118,5.28,8.1,5.64 (T),
19,水样,NYMY23091946,2023/10/4 08:00,,,,,,0.010 (L),0.15,5.29,13.2,5.27 (T),
19,水样,NYMY23092091,2023/10/3 08:00,,,,,,0.010 (L),0.121,3.51,6,4.52,
19,水样,nymy23092092,2023/10/2 08:00,,,,,,,0.259,5.21,11.7,4.68,
19,水样,NYMY23092087,2023/10/1 08:00,,,,,,0.010 (L),0.115,4.08,9.2,5.08 (T),
19,水样,NYMY23092088,2023/9/30 08:00,,,,,,0.010 (L),0.154,5.63,10.5,6.23 (T),
19,水样,NYMY23092089,2023/9/29 08:00,,,,,,0.010 (L),0.12,5.06,10.6,5.48 (T),
19,水样,NYMY23092090,2023/9/28 08:00,,,,,,0.010 (L),0.15,4.25,9.5,4.59,
19,水样,nymy23091954,2023/9/25 08:00,,,,,,0.010 (L),0.103,5.83,11.2,6.55 (T),
19,水样,nymy23091955,2023/9/24 08:00,,,,,,0.010 (L),0.236,8.11,21.5,8.68 (T),
19,水样,nymy23091956,2023/9/23 08:00,,,,,,0.010 (L),0.124,3.51,13.8,4.41,
19,水样,nymy23091957,2023/9/22 08:00,,,,,,0.010 (L),0.101,4.4,11.9,5.23 (T),
19,水样,NYMY23091958,2023/9/21 08:00,,,,,,0.010 (L),0.166,4.63,13.5,5.17 (T),
19,水样,nymy23091959,2023/9/20 18:30,,,,,,0.010 (L),0.105,4.59,10.8,5.33 (T),
19,水样,NYMY2023051520,2023/9/20 08:00,,,,,,0.010 (L),0.198,4.61,7.2,,
19,水样,BYD230822169,2023/9/19 08:00,,,,,,0.010 (L),0.178,4.78,8.6,5.13 (T),
19,水样,BYD230822170,2023/9/18 08:00,,,,,,0.010 (L),0.17,4.4,7.4,5.15 (T),
19,水样,NYMY2023051517,2023/9/17 08:00,,,,,,0.010 (L),0.29,2.9,10.8,3.44,
19,水样,NYMY2023051518,2023/9/16 08:00,,,,,,0.010 (L),0.139,5.33,21.1,5.31 (T),
19,水样,NYMY2023051519,2023/9/15 08:00,,,,,,0.010 (L),0.121,5.64,21,5.81 (T),
19,水样,NYMY23082803,2023/9/8 08:00,,,,,,0.010 (L),0.091,4.95,4.3,5.09 (T),
19,水样,NYMY23082804,2023/9/7 08:00,,,,,,0.010 (L),0.164,,,4.98,
19,水样,NYMY23082805,2023/9/6 08:00,,,,,,0.010 (L),0.179,4.6,8.1,5,
19,水样,NYMY23082806,2023/9/5 08:00,,,,,,0.010 (L),0.09,5.16,8.3,5.19 (T),
19,水样,NYMY23082808,2023/9/4 08:00,,,,,,0.010 (L),0.083,4.92,7.3,5.10 (T),
19,水样,NYMY23082807,2023/9/3 08:00,,,,,,,0.094,4.53,8.4,5.03 (T),
19,水样,NYMY23082458,2023/9/2 17:45,,,,,,0.010 (L),,10.69,23.1,10.03 (T),
19,水样,NYMY23082459,2023/9/2 15:45,,,,,,0.010 (L),0.336,11.6,23.8,10.36 (T),
19,水样,NYMY23082457,2023/9/2 13:45,,,,,,,,12.77,30.4,11.52 (T),
19,水样,NYMY23082420,2023/9/2 11:45,,,,,,,,13.43,34.1,11.79 (T),
19,水样,NYMY23082416,2023/9/2 07:45,,,,,,,0.991,13.73,42.7,11.44 (T),
19,水样,NYMY23082388,2023/9/2 05:45,,,,,,0.094,0.932,14.4,42.6,12.11 (T),
19,水样,NYMY23082389,2023/9/2 03:45,,,,,,0.099,1.23,13.17,47.5,10.54 (T),
19,水样,NYMY23082470,2023/9/1 23:45,,,,,,,,9,41.9,7.31 (T),
19,水样,NYMY23082471,2023/9/1 21:45,,,,,,,,12.51,37.8,11.03 (T),
19,水样,NYMY23082460,2023/9/1 19:45,,,,,,0.063,0.886,11.7,40.8,9.82 (T),
19,水样,NYMY23082391,2023/8/28 08:00,,,,,,0.021,0.161,6.46,13.6,,
19,水样,NYMY23082395,2023/8/27 08:00,,,,,,0.010 (L),0.103,7.13,12.9,,
19,水样,NYMY23082396,2023/8/26 08:00,,,,,,0.014,0.209,9.27 (T),16.5,,
19,水样,NYMY23082392,2023/8/25 12:00,,,,,,0.194,0.28,13.61 (T),23.8,,
19,水样,NYMY23082393,2023/8/25 11:04,,,,,,0.218,0.31,14.51 (T),26.4,,
19,水样,NYMY23082394,2023/8/24 20:05,,,,,,0.286,0.378,15.30 (T),29.2,,
19,水样,NYMY23082397,2023/8/24 12:00,,,,,,0.871,0.514,17.97 (T),38.2,,
19,水样,NYMY23082398,2023/8/24 10:32,,,,,,1.053,0.557,18.62 (T),40.1,,
19,水样,NYMY23082399,2023/8/23 14:13,,,,,,0.045,0.194,12.21 (T),20.5,,
20,水样,nymy23111974,2024/5/21 12:33,,,,,,0.557,0.739,49.56,29.6,25.07 (T),
20,水样,NYMY23101331,2023/11/21 16:04,,,,,,,0.158,9.98 (T),9,8.93,
20,水样,NYMY23101332,2023/11/14 08:00,,,,,,,0.138,9.88 (T),6.9,8.76,
20,水样,NYMY231013161,2023/11/6 16:19,,,,,,0.026,0.14,8.53,6.6,7.8,
20,水样,NYMY231013162,2023/11/6 08:00,,,,,,0.010 (L),0.14,8.59,6.8,7.58,
20,水样,NYMY2310321,2023/10/30 13:51,,,,,,0.026,,7.1,3.0 (L),6.88,
20,水样,NYMY2310322,2023/10/30 08:00,,,,,,0.044,0.128,6.9,3.0 (L),6.75,
20,水样,nymy2310359,2023/10/23 08:00,,,,,,0.010 (L),0.187,7.46,13.5,7.02 (T),
20,水样,nymy2310370,2023/10/18 16:01,,,,,,0.010 (L),0.214,8.91,14.2,8.62 (T),
20,水样,NYMY23092094,2023/10/17 18:11,,,,,,0.010 (L),0.252,9.81,18.1,8.61 (T),
20,水样,NYMY23092095,2023/10/16 08:00,,,,,,0.010 (L),0.18,10.24,10.4,9.19 (T),
20,水样,NYMY23090665,2023/10/15 08:00,,,,,,0.010 (L),0.195,10.88,11.8,9.73 (T),
20,水样,NYMY23090664,2023/10/14 08:00,,,,,,0.010 (L),0.292,12.4,14.7,10.87 (T),
20,水样,NYMY23090667,2023/10/13 08:00,,,,,,0.010 (L),0.403,15.33,22.4,12.89 (T),
20,水样,NYMY23092093,2023/10/12 08:00,,,,,,0.010 (L),0.571,18.19,30.9,14.63 (T),
20,水样,nymy23090662,2023/9/22 08:00,,,,,,0.010 (L),0.1,1.69,10.4,2.45,
20,水样,nymy23090661,2023/9/21 08:00,,,,,,0.010 (L),0.074,6.63,9.7,7.12 (T),
20,水样,nymy23090660,2023/9/20 18:12,,,,,,0.010 (L),0.144,5.81,8.9,6.59 (T),
20,水样,NYMY23082809,2023/9/8 08:00,,,,,,0.010 (L),0.105,7.5,5.8,7.34 (T),
20,水样,NYMY23082810,2023/9/7 08:00,,,,,,0.010 (L),0.133,7.6,7.9,7.26 (T),
20,水样,NYMY230828100,2023/9/6 08:00,,,,,,0.010 (L),0.124,8.06,5.4,7.40 (T),
20,水样,NYMY23082811,2023/9/5 08:00,,,,,,0.010 (L),0.107,7.52,5.8,7.27 (T),
20,水样,NYMY23082812,2023/9/4 08:00,,,,,,0.010 (L),0.116,6.63,5.3,7.44 (T),
20,水样,NYMY23082813,2023/9/3 08:00,,,,,,0.010 (L),0.096,7.55,3.6,7.26 (T),
20,水样,NYMY23082421,2023/9/2 15:30,,,,,,0.010 (L),0.272,17.12,20.7,14.75 (T),
20,水样,NYMY23082422,2023/9/2 11:30,,,,,,0.010 (L),,18.01,27.2,15.31 (T),
20,水样,NYMY23082423,2023/9/2 09:30,,,,,,0.118,,13.89,27.6,12.19 (T),
20,水样,NYMY23082425,2023/9/2 07:30,,,,,,0.010 (L),,12.8,25.7,11.19 (T),
20,水样,NYMY23082362,2023/9/2 01:30,,,,,,0.382,0.762,14.82,31,12.16 (T),
20,水样,NYMY23082363,2023/9/1 23:30,,,,,,0.415,0.679,12.34,26.9,9.91 (T),
20,水样,NYMY23082364,2023/9/1 21:30,,,,,,,,16.48,22.7,9.55 (T),
20,水样,NYMY23082321,2023/9/1 19:30,,,,,,0.147,,12.25,29.9,10.60 (T),
20,水样,NYMY23082323,2023/8/28 08:00,,,,,,0.010 (L),0.159,9.19 (T),13.7,,
20,水样,NYMY23082370,2023/8/27 08:00,,,,,,0.010 (L),0.116,11.03 (T),10.5,,
20,水样,NYMY23082369,2023/8/26 17:05,,,,,,0.041,0.205,12.53 (T),12.5,,
20,水样,NYMY23082360,2023/8/24 12:00,,,,,,0.473,0.392,17.39 (T),29.8,,
20,水样,NYMY23082371,2023/8/23 17:57,,,,,,0.022,0.211,14.13 (T),16,,
21,水样,nymy231128185,2024/5/21 08:32,,,,,,,0.585,,15.6,24.57 (T),
21,水样,NYMY24052033,2024/5/20 15:59,,,,,,,0.397,,117.5,,
21,水样,NYMY231013165,2023/11/29 08:00,,,,,,,0.048,2.4,,2.33,
21,水样,NYMY23111971,2023/11/23 08:00,,,,,,,0.019,0.11,,0.45,
21,水样,NYMY23111972,2023/11/22 08:00,,,,,,,0.032,0.25,,0.49,
21,水样,NYMY231013120,2023/11/21 08:00,,,,,,,0.034,0.34,3.7,0.31,
21,水样,NYMY23101326,2023/11/18 08:00,,,,,,0.317,0.719,8.86,23.8,6.89,
21,水样,NYMY231013164,2023/11/6 16:08,,,,,,0.015,0.155,0.44,3.2,0.49,
21,水样,NYMY231013163,2023/11/6 08:00,,,,,,0.032,0.088,2.93,3.8,3.17,
21,水样,NYMY23103199,2023/10/30 08:00,,,,,,0.010 (L),0.048,3.2,3.0 (L),3.01,
21,水样,NYMY2310320,2023/10/29 08:00,,,,,,0.052,0.219,1.42,8.1,1.45,
21,水样,NYMY23103200,2023/10/24 08:00,,,,,,0.013,,3.34,3.0 (L),3.49,
21,水样,nymy2310361,2023/10/23 08:00,,,,,,0.02,0.045,2.39,8.4,2.25,
21,水样,nymy2310360,2023/10/21 08:00,,,,,,0.010 (L),0.064,1.35,9.9,1.39,
21,水样,nymy2310363,2023/10/19 08:00,,,,,,0.010 (L),0.091,3.89,10.3,,
21,水样,nymy2310364,2023/10/18 08:00,,,,,,0.010 (L),0.089,3.81,11,3.94,
21,水样,NYMY2023051508,2023/10/17 14:28,,,,,,0.010 (L),0.07,3.84,7.2,3.6,
21,水样,NYMY230919135,2023/10/14 08:00,,,,,,0.010 (L),0.101,3.65,9.8,3.35,
21,水样,NYMY230919136,2023/10/13 08:00,,,,,,0.010 (L),0.183,6.92,13.7,6.04 (T),
21,水样,NYMY230919137,2023/10/12 08:00,,,,,,0.010 (L),0.379,10.86,25.1,9.32 (T),
21,水样,NYMY230919138,2023/10/11 08:00,,,,,,0.010 (L),0.358,11.34,22.8,9.06 (T),
21,水样,NYMY23092096,2023/10/10 08:00,,,,,,0.401,,,,,
21,水样,NYMY23091960,2023/10/9 08:00,,,,,,0.010 (L),0.319,,17.6,6.58 (T),
21,水样,NYMY23092097,2023/10/8 08:00,,,,,,0.010 (L),0.194,5.65,14.8,5.20 (T),
21,水样,NYMY23092098,2023/10/2 08:00,,,,,,0.010 (L),0.539,4.36,14.4,3.9,
21,水样,nymy23091961,2023/9/22 08:00,,,,,,0.010 (L),0.044,1.39,9.2,1.98,
21,水样,nymy23091962,2023/9/21 08:00,,,,,,0.010 (L),0.032,0.55,11.3,0.96,
21,水样,nymy2023051509,2023/9/20 17:57,,,,,,0.010 (L),0.064,3.47,10.6,4.39,
21,水样,NYMY2023051510,2023/9/17 08:00,,,,,,0.010 (L),0.105,0.05 (L),6.5,0.28,
21,水样,NYMY2023051512,2023/9/13 23:05,,,,,,0.010 (L),0.12,3.55,4.5,4.2,
21,水样,NYMY2023051511,2023/9/13 19:05,,,,,,0.010 (L),0.128,3.57,8.6,0.00 (lp),
21,水样,NYMY23082815,2023/9/8 08:00,,,,,,0.010 (L),0.13,4.42,6.3,4.97,
21,水样,NYMY23082816,2023/9/7 08:00,,,,,,0.010 (L),0.05,5.26,9.4,5.08 (T),
21,水样,NYMY23082818,2023/9/4 08:00,,,,,,0.010 (L),0.061,5.25,5.8,5.13 (T),
21,水样,NYMY23082801,2023/9/3 08:00,,,,,,0.010 (L),0.138,4.44,8.1,4.93,
21,水样,NYMY23082427,2023/9/2 17:30,,,,,,0.010 (L),0.245,11.9,16,10.94 (T),
21,水样,NYMY23082430,2023/9/2 11:30,,,,,,0.010 (L),,17.34,30.6,14.49 (T),
21,水样,NYMY23082431,2023/9/2 09:30,,,,,,0.010 (L),,20.25,37.3,16.76 (T),
21,水样,NYMY23082432,2023/9/2 07:30,,,,,,,,20.26,37,16.49 (T),
21,水样,NYMY23082325,2023/9/2 03:30,,,,,,0.171,0.858,19.53,40.9,15.68 (T),
21,水样,NYMY23082326,2023/9/2 01:30,,,,,,0.296,,18.25,38.4,14.73 (T),
21,水样,NYMY23082327,2023/9/1 23:30,,,,,,,,15.21,37.9,13.20 (T),
21,水样,NYMY23082414,2023/9/1 21:30,,,,,,,,17.11,38.1,14.46 (T),
21,水样,NYMY23082426,2023/9/1 19:30,,,,,,,,16.53,40.5,13.92 (T),
21,水样,NYMY23082328,2023/8/28 08:00,,,,,,0.012,0.094,2.33,11.5,,
21,水样,NYMY23082329,2023/8/26 08:00,,,,,,0.02,0.055,2.29,9.6,,
21,水样,NYMY23082330,2023/8/25 12:00,,,,,,0.137,0.236,14.06 (T),21.3,,
21,水样,NYMY23082331,2023/8/25 11:05,,,,,,0.166,0.265,14.69 (T),18.7,,
21,水样,NYMY23082332,2023/8/24 20:05,,,,,,0.17,0.328,16.15 (T),23.8,,
21,水样,NYMY23082333,2023/8/24 12:00,,,,,,0.13,0.388,17.53 (T),30.2,,
21,水样,NYMY23082334,2023/8/24 10:31,,,,,,0.014,0.399,19.26 (T),31.8,,
21,水样,NYMY23082335,2023/8/23 17:17,,,,,,0.010 (L),0.169,10.04 (T),19.1,,
22,水样,NYMY23101323,2023/11/13 13:18,,,,,,0.010 (L),0.005,0.05 (L),3.0 (L),0.00 (L),
22,水样,NYMY23101322,2023/11/13 08:01,,,,,,0.010 (L),0.012,0.05 (L),3.0 (L),0.00 (L),
22,水样,NYMY23082344,2023/11/6 15:33,,,,,,0.010 (L),0.012,-0.44 (L),3.0 (L),-0.01 (L),
22,水样,NYMY23082345,2023/11/6 08:01,,,,,,0.033,0.013,-0.62 (L),3.0 (L),0.01,
22,水样,nymy23082346,2023/10/23 10:28,,,,,,0.010 (L),0.01,0.05 (L),6,0.04,
22,水样,nymy23082347,2023/10/23 08:01,,,,,,0.010 (L),0.012,0.07,6.5,0.04,
12,水样,nymy23082402,2023/9/7 08:00,,,,,,,0.706,,3.8,14.37 (T),
12,水样,NYMY23082413,2023/8/24 11:34,,,,,,0.010 (L),,11.88,38.9,10.84 (T),